"id","apelido","posicao_id"
"37958","Felipe","1"
"68873","Paulo Victor","1"
"78086","César","1"
"85798","João Paulo Kuspiosz","1"
"89258","Daniel","1"
"60795","Renan","1"
"38109","Jefferson","1"
"78604","Andrey","1"
"89492","Saulo","1"
"79973","Helton Leite","1"
"51413","Walter","1"
"42234","Cássio","1"
"69051","Danilo Fernandes","1"
"80286","Matheus Vidotto","1"
"38133","Julio Cesar","1"
"88867","Guido","1"
"73517","Douglas Pires","1"
"79265","Renan","1"
"71102","Omar","1"
"68872","Marcelo Lomba","1"
"68884","Klever","1"
"42330","Felipe Garcia","1"
"49673","Júlio César","1"
"85004","Marcos Felipe ","1"
"38431","Diego Cavalieri","1"
"62003","Bruno","1"
"72290","Jailson","1"
"68914","Deola","1"
"85083","Vinícius Silvestre","1"
"38140","Fernando Prass","1"
"70951","Fabio","1"
"68932","Renan Ribeiro","1"
"51175","Denis","1"
"38055","Rogério Ceni","1"
"69040","Vladimir","1"
"78839","Gabriel Gasparotto","1"
"85425","João Paulo","1"
"37984","Aranha","1"
"68979","Giovanni","1"
"52950","Victor","1"
"85418","Uilson","1"
"69183","Lee","1"
"89975","Rodolfo","1"
"37656","Fábio","1"
"68928","Rafael","1"
"79048","Elisson","1"
"82769","Alan","1"
"87611","Tiago","1"
"37770","Marcelo Grohe","1"
"72488","Follmann ","1"
"87008","Léo","1"
"69180","Busatto","1"
"82896","Alisson Becker","1"
"71724","Agenor","1"
"36443","Dida","1"
"69041","Muriel","1"
"85066","Guillermo ","1"
"71571","Fernando","1"
"50284","Wilson","1"
"74061","Roberto Fernández","1"
"70216","Gustavo","1"
"63034","Douglas","1"
"37767","Galatto","1"
"38038","Luiz","1"
"77556","Bruno","1"
"86928","David","1"
"86929","Ronaldo","1"
"82928","Edson","1"
"89897","Ronaldo","1"
"37899","Renan","1"
"50461","Edson","1"
"88147","Paulo Henrique","1"
"37749","Harlei","1"
"41218","Magrão","1"
"86517","Flavio","1"
"74096","Saulo","1"
"69012","Santos","1"
"71631","Weverton","1"
"63082","Rodolfo","1"
"62101","Renan Rocha","1"
"86760","Lucas Macanhan","1"
"80192","Hugo Gumiero","1"
"62121","Vanderlei","1"
"79535","Vaná","1"
"86449","Samuel","1"
"73336","Rafael Martins","1"
"82453","Tadeu","1"
"72603","William Menezes","1"
"82768","Danilo","1"
"40130","Silvio","1"
"87199","Gustavo ","1"
"52897","Nivaldo","1"
"37659","Lauro","1"
"88916","Luan Polli ","1"
"68805","Neneca","1"
"77912","Neto","1"
"88156","Jean","1"
"72018","Tiago Volpi","1"
"82419","Luan Sérgio","1"
"79066","Alex ","1"
"88848","Júnior Oliveira","1"
"71602","João Paulo","2"
"50453","Anderson Pico","2"
"88065","Jorge","2"
"69177","Léo","2"
"37701","Léo Moura","2"
"38184","André Santos","2"
"78647","Digão","2"
"86314","Alex Santos","2"
"86315","Anderson Santos","2"
"73869","Lennon","2"
"78436","Renan Lemos","2"
"68995","Régis Souza","2"
"71947","Guilherme","2"
"37621","Junior Cesar","2"
"50362","Lucas","2"
"38523","Edílson","2"
"37663","Julio Cesar","2"
"42500","Fagner","2"
"60852","Uendel","2"
"38229","Fábio Santos","2"
"63018","Guilherme Andrade","2"
"87228","Guilherme Arana","2"
"80163","Railan","2"
"69209","Diego Macedo","2"
"50346","Guilherme Santos","2"
"51781","Ávine","2"
"87213","Pará","2"
"73359","Roniery","2"
"68821","Rafael Galhardo","2"
"78077","Madson","2"
"84379","Raul","2"
"42499","Bruno","2"
"85424","Ailton","2"
"86444","Pablo Dyego","2"
"39572","Renato","2"
"38451","Carlinhos","2"
"89257","Breno","2"
"80667","Fernando","2"
"82641","Ronan","2"
"86410","Victor Luis","2"
"89273","João Pedro ","2"
"63119","Juninho","2"
"88874","Léo Cunha","2"
"38432","Wendel","2"
"72375","Weldinho","2"
"89157","Guilherme","2"
"89681","Mateus Muller","2"
"77827","Bruno Oliveira","2"
"62130","William Matheus","2"
"70133","Paulo Henrique","2"
"78850","Reinaldo","2"
"69308","Álvaro Pereira","2"
"37607","Michel Bastos","2"
"55348","Luis Ricardo","2"
"88540","Auro","2"
"69153","Clemente Rodríguez","2"
"68728","Douglas","2"
"80660","Lucas Farias","2"
"70046","Victor Ferraz","2"
"77967","Mena","2"
"89342","Caju","2"
"61106","Cicinho","2"
"88225","Daniel Guedes ","2"
"73617","Emerson","2"
"87192","Zeca","2"
"73962","Bruno Peres","2"
"84861","Alex Silva","2"
"79826","Douglas Santos","2"
"70317","Eron","2"
"77895","Emerson Conceição","2"
"51779","Pedro Botelho","2"
"63013","Marcos Rocha","2"
"80664","Michel","2"
"37790","Ceará","2"
"81150","Mayke","2"
"42145","Egídio","2"
"86411","Breno","2"
"73708","Samudio","2"
"69090","Matías Rodríguez","2"
"86748","Breno","2"
"62086","Pará","2"
"70010","Spessato","2"
"89343","Júnior","2"
"80570","Wendell","2"
"82628","Tinga","2"
"74074","Claudio Winck","2"
"85882","Diogo","2"
"80313","Gilberto ","2"
"71892","Wellington Silva","2"
"63110","Alan Ruschel","2"
"49674","Fabrício","2"
"37705","Juan","2"
"38069","Richarlyson","2"
"86860","Guilherme","2"
"79553","Mansur","2"
"77599","Romário","2"
"72334","Ayrton","2"
"84890","Euller ","2"
"68808","Nino Paraíba","2"
"71575","Danilo Tarracha","2"
"72079","Bruno Cortez","2"
"72097","Giovanni","2"
"50645","Eduardo","2"
"80431","Maicon Silva","2"
"70915","Luis Felipe","2"
"84545","Romulo","2"
"73879","Rogério","2"
"80318","Ezequiel","2"
"89896","Cleiton","2"
"63283","Esquerdinha","2"
"89606","Felipe Saturnino","2"
"72495","Moisés","2"
"73417","Lima","2"
"71146","Léo Veloso","2"
"73890","Mário Sérgio","2"
"71037","Clayton Sales","2"
"84382","Danilo","2"
"68904","Vítor","2"
"60969","Patric","2"
"82635","Igor","2"
"78445","Renê","2"
"62070","Marcelo Cordeiro","2"
"87399","Mário Sérgio","2"
"73527","Willian Rocha","2"
"72023","Sueliton","2"
"82457","Jean Felipe","2"
"86409","Lucas Olaza","2"
"86264","Natanael","2"
"86764","Sidcley","2"
"86763","Jonathan Fernando","2"
"61211","Carlos Cesar","2"
"69782","Dener Assunção","2"
"83258","Filipe Ramon","2"
"79401","Paulo Otávio","2"
"63194","Carlinhos","2"
"73644","Ivan","2"
"69155","Iberbia","2"
"86820","Reginaldo ","2"
"60858","Moacir","2"
"73857","Jackson","2"
"78423","Timbó","2"
"86969","Rhuan","2"
"70916","Diogo Goiano","2"
"84860","Abner","2"
"79594","Ednei","2"
"82525","Rodrigo Biro","2"
"79030","Fabinho Gaúcho","2"
"79887","Fabiano","2"
"80164","Jussandro","2"
"62976","Everton Silva","2"
"68702","Bruno Collaço","2"
"80553","Guilherme Lazaroni","2"
"83811","William Cordeiro","2"
"77529","Leandro Silva","2"
"69329","Cereceda","2"
"80552","Marquinhos Pedroso","2"
"37610","Ivan","2"
"72281","Artur","2"
"38026","Kleber","2"
"89977","Bruno Santos","2"
"84318","Samir ","3"
"78895","Marcelo","3"
"81223","Erazo","3"
"78646","Fernando Fernandes","3"
"37684","Chicão","3"
"68958","Wallace","3"
"74103","Frauches ","3"
"71122","Matheus","3"
"38370","André Bahia","3"
"79339","Dankler","3"
"89493","Igor Rabello","3"
"78946","Dória","3"
"87185","Mario Risso","3"
"37789","Bolívar","3"
"87225","Pedro Henrique","3"
"68923","Gil","3"
"73375","Felipe","3"
"52618","Anderson Martins","3"
"86143","Wanderson","3"
"72376","Cléber","3"
"68723","Demerson","3"
"80189","Lucas Fonseca","3"
"87230","Robson","3"
"50353","Titi","3"
"39137","Adaílton","3"
"82547","Sérgio Raphael","3"
"71618","Anderson Conceição","3"
"68887","Gum","3"
"68753","Fabrício ","3"
"70111","Guilherme Mattis","3"
"38365","Henrique","3"
"74059","Elivelton","3"
"79045","Wellington Carvalho","3"
"68888","Leandro Euzébio","3"
"69088","Victorino","3"
"73910","Tobio","3"
"89156","Nathan","3"
"88368","Gabriel Dias","3"
"83615","Thiago Martins","3"
"41519","Lúcio","3"
"68907","Wellington","3"
"51495","Tiago Alves","3"
"63008","Rafael Toloi","3"
"68817","Paulo Miranda","3"
"73800","Rodrigo Caio","3"
"38194","Antônio Carlos","3"
"84554","Lucão","3"
"71507","Edson Silva","3"
"69008","Neto","3"
"78248","Gustavo Henrique","3"
"73855","Jubal","3"
"37657","Edu Dracena","3"
"70045","Vinicius Simon","3"
"70221","Bruno Uvini","3"
"88132","Nailson","3"
"50317","David Braz","3"
"88224","Paulo Ricardo","3"
"84263","Jemerson","3"
"51299","Emerson","3"
"79042","Tiago ","3"
"87393","Gabriel","3"
"52253","Réver","3"
"68925","Leonardo Silva","3"
"38061","Edcarlos","3"
"69219","Otamendi","3"
"87229","Donato","3"
"51705","Bruno Rodrigo","3"
"50459","Léo","3"
"69014","Manoel","3"
"60819","Dedé","3"
"87400","Alex","3"
"50439","Vilson","3"
"84262","Wallace","3"
"72491","Bressan","3"
"68945","Saimon","3"
"71572","Gabriel","3"
"86744","Canavesio","3"
"62974","Werley","3"
"42501","Rhodolfo","3"
"80853","Pedro Geromel","3"
"83048","Rafael Thyere","3"
"36728","Índio","3"
"63172","Paulão","3"
"49651","Ernando","3"
"36540","Juan","3"
"82613","Alan","3"
"82626","Thales ","3"
"51415","Roger Carvalho","3"
"74014","Alemão","3"
"80573","Luiz Gustavo","3"
"50427","Kadu","3"
"69006","Dão","3"
"85067","Matheus Salustiano","3"
"72133","Ednei","3"
"81543","Josué","3"
"73423","Rodrigo Defendi","3"
"86861","Vinicius","3"
"86502","Jonathan Ferrari","3"
"38425","Fábio Ferreira","3"
"68950","Ronaldo Alves","3"
"51194","Rafael Pereira","3"
"78414","Rafael Donato","3"
"68738","Eli Sabiá","3"
"83108","Heitor","3"
"80779","Joílson","3"
"68908","Gualberto","3"
"89226","Iago","3"
"38990","Alcides","3"
"68746","Sergio Escudero","3"
"85399","Felipe Macedo","3"
"70934","Jackson","3"
"71038","Pedro Henrique","3"
"80036","Alex Alves","3"
"73760","Wallinson","3"
"63031","Valmir Lucas","3"
"38100","Durval","3"
"71593","Henrique Mattos","3"
"89494","Leandro Vicentin","3"
"72039","Ferron","3"
"78422","Oswaldo","3"
"88670","Hyago","3"
"80281","Cleberson","3"
"78990","Lucas Alves","3"
"37840","Gustavo","3"
"79334","Ricardo Silva","3"
"83528","Léo Pereira","3"
"78648","Dráusio","3"
"82459","Rafael Zuchi","3"
"82458","Erwin","3"
"68827","Renato Chaves","3"
"86761","Gerson","3"
"86762","Tárik","3"
"63005","Welinton","3"
"50446","Chico","3"
"80441","Bonfim ","3"
"50462","Leandro Almeida","3"
"86587","Igor Leandro","3"
"73465","Luccas Claro","3"
"50361","Rafael Lima","3"
"78407","Douglas Grolli","3"
"42247","Danny Morais","3"
"80324","Jaílton","3"
"68946","Neuton","3"
"79287","Enrique Meza","3"
"87200","Bruno ","3"
"87201","Igor ","3"
"54189","Tiago Saletti","3"
"83522","Fagner Alemão","3"
"51168","André Paulino","3"
"69049","Leandro Amaro","3"
"80319","Raul","3"
"38394","Thiago Heleno","3"
"73620","Bruno Alves","3"
"83920","Wellington Neto","3"
"38515","Marquinhos","3"
"62971","Nirley","3"
"69268","Víctor Cáceres","4"
"38311","Márcio Araújo","4"
"81121","Mugni","4"
"73918","Canteros","4"
"50301","Everton","4"
"84320","Recife","4"
"72071","Amaral","4"
"79023","Mattheus","4"
"74060","Luiz Antonio ","4"
"73515","Gabriel","4"
"72768","Muralha","4"
"37917","Elano","4"
"50369","Carlos Eduardo","4"
"82503","Rodolfo","4"
"37652","Carlos Alberto","4"
"69232","Bolatti","4"
"81007","Dedé","4"
"82472","Fabiano","4"
"85629","Daniel","4"
"86836","Sidney","4"
"71560","Luis Ramírez","4"
"37645","Marcelo Mattos","4"
"78605","Gabriel","4"
"73454","Cidinho","4"
"73851","Ronny","4"
"37678","Rodrigo Souto","4"
"89253","Andreazzi","4"
"88849","João Gabriel ","4"
"61985","Airton","4"
"82474","Gegê","4"
"37795","Jorge Wagner","4"
"89885","Leandro","4"
"38398","Renato Augusto","4"
"52190","Ralf","4"
"38315","Jadson","4"
"78891","Petros","4"
"54395","Elias","4"
"82128","Ferrugem","4"
"69304","Lodeiro","4"
"38067","Danilo","4"
"70944","Bruno Henrique","4"
"71636","Guilherme","4"
"78478","Willian Arão","4"
"87226","Fabiano","4"
"80330","Jocinei","4"
"41364","Lincoln","4"
"63003","Uelliton","4"
"38507","Rafael Miranda","4"
"53472","Fahel","4"
"84313","Feijão","4"
"88933","Bruno Paulista","4"
"88000","Gabriel Ramos","4"
"84679","Emanuel Biancucchi","4"
"50961","Léo Gago","4"
"89371","Rômulo","4"
"69186","Branquinho","4"
"84314","Ítalo Melo","4"
"80456","Diego Felipe","4"
"84099","Anderson Talisca","4"
"79044","Wangler","4"
"84312","Anderson Mello","4"
"73530","Wilson Pittoni","4"
"37627","Diguinho","4"
"68711","Chiquinho","4"
"80538","Marlon","4"
"37674","Wagner","4"
"50348","Conca","4"
"87999","Gustavo Scarpa","4"
"80400","Rafinha","4"
"37688","Cícero","4"
"80370","Edson","4"
"78464","Fábio Braga","4"
"85121","Robert ","4"
"62047","Jean","4"
"68824","Raphael Augusto","4"
"89256","Gerson","4"
"50417","Valencia","4"
"73353","Eduardo","4"
"77994","Mendieta","4"
"77673","Patrick Vieira","4"
"68697","Bernardo","4"
"88866","Eduardo Junior","4"
"78546","Bruninho","4"
"50421","Wesley","4"
"73531","Washington","4"
"69292","Eguren","4"
"38435","Valdivia","4"
"50328","Marcelo Oliveira","4"
"89677","Fernandinho","4"
"84585","Allione","4"
"50295","Felipe Menezes","4"
"52558","Bruno César","4"
"89285","Matheus Sales","4"
"80576","Renato","4"
"72167","Mazinho","4"
"68951","Josimar","4"
"68954","Marquinhos Gabriel","4"
"72159","Serginho","4"
"38919","Kaká","4"
"38196","Maicon","4"
"38064","Denilson","4"
"62977","Paulo Henrique Ganso","4"
"86841","Boschilia","4"
"60803","Souza","4"
"84674","Lucas Evangelista","4"
"77777","João Schmidt ","4"
"50324","Hudson","4"
"68922","Fabrício","4"
"73673","Cañete","4"
"80583","Lucas Lima","4"
"88002","Serginho","4"
"70132","Alan Santos","4"
"78235","Leandrinho","4"
"89637","Thiago Maia","4"
"38908","Renato","4"
"68909","Souza","4"
"37718","Arouca","4"
"71055","Pato Rodríguez","4"
"73974","Alison","4"
"70986","Léo Cittadini","4"
"38243","Léo","4"
"84896","Lucas Otávio","4"
"71668","Anderson Carvalho","4"
"78840","Pedro Castro","4"
"89306","Paulinho","4"
"84927","Dodô","4"
"51318","Leandro Donizete","4"
"73863","Claudinei","4"
"78994","Eduardo","4"
"60784","Rafael Carioca","4"
"69240","Dátolo","4"
"70581","Fillipe Soutto","4"
"84851","Lucas Cândido","4"
"38440","Pierre","4"
"37851","Maicosuel","4"
"36790","Josué","4"
"36802","Ronaldinho Gaúcho","4"
"85403","Daniel","4"
"37694","Henrique","4"
"79701","Lucas Silva","4"
"38921","Júlio Baptista","4"
"81845","Alisson","4"
"51772","Éverton Ribeiro","4"
"87401","Eurico","4"
"38573","Nilton","4"
"68833","Ricardo Goulart","4"
"80944","Marlone","4"
"37794","Tinga","4"
"63058","Willian Farias","4"
"50382","Charles","4"
"89924","Bruno","4"
"67953","Riveros","4"
"82703","Matheus Biteco","4"
"86436","Alan Ruiz","4"
"78715","Ramiro","4"
"70116","Fellipe Bastos","4"
"88479","Walace","4"
"86754","Guilherme Amorim","4"
"36612","Zé Roberto","4"
"51548","Giuliano","4"
"61033","Rodriguinho","4"
"37792","Edinho","4"
"83963","Leandro Canhoto","4"
"89227","Balbino","4"
"89467","Erick Samuel","4"
"84530","Maxi Rodríguez","4"
"77911","Jean Deretti","4"
"79064","Guilherme Biteco","4"
"82639","Marcelo Hermes","4"
"77670","Gladestony","4"
"88366","Martín Luque","4"
"81091","Jair","4"
"38074","Ygor","4"
"78530","Matheus Bertotto","4"
"62129","Wellington","4"
"85423","Valdivia","4"
"54424","Willians","4"
"62023","D'Alessandro","4"
"38219","Alex","4"
"68685","Alan Patrick","4"
"89275","William","4"
"69325","Aránguiz","4"
"87273","Carlinhos","4"
"78458","João Afonso","4"
"80585","Otávio","4"
"89815","Gustavo Ferrareis","4"
"39230","Neto Coruja","4"
"37818","Hugo","4"
"89676","Nickson","4"
"38763","Marcinho","4"
"79733","Leilson ","4"
"72745","Escudero","4"
"73771","Mineiro","4"
"72943","Luís Cáceres","4"
"71117","Vander","4"
"86859","José Welison","4"
"88478","Darlan","4"
"85400","Marcelo","4"
"73634","Felipe Lima","4"
"70225","Luís Aguiar","4"
"49641","Adriano","4"
"86792","Mauri","4"
"74017","Josa","4"
"71032","Lucas Zen","4"
"82821","Gabriel Soares","4"
"71581","Léo Costa","4"
"37826","Paulo Baier","4"
"50425","Roger Gaúcho","4"
"50454","Serginho","4"
"38032","Cleber Santana","4"
"68830","Ricardinho","4"
"38357","Martinez","4"
"50908","Wellington Bruno","4"
"73383","Rafael Costa","4"
"78936","Rodrigo Souza","4"
"80399","Higor","4"
"86931","Ruan","4"
"89224","Barreto","4"
"54250","Maylson","4"
"68987","João Vitor","4"
"89883","Dodi","4"
"68689","Anderson Uchoa","4"
"86144","Luizinho Mello","4"
"50329","Lulinha","4"
"68846","Thiago Humberto","4"
"81148","Ronaldo Mendes","4"
"68892","Everton","4"
"83506","Vítor Michels","4"
"80320","Diego Oliveira","4"
"89914","Gabriel ","4"
"71123","Thiago Mendes","4"
"84997","Paulo","4"
"37783","Ramon","4"
"86943","Liniker","4"
"42232","Amaral","4"
"72168","João Paulo","4"
"88917","Murilo Henrique","4"
"86935","Rodrigo","4"
"70992","Juliano","4"
"38695","David","4"
"70058","Tiago Real","4"
"86934","Túlio","4"
"70914","Raphael Luz","4"
"71039","Leandro","4"
"84857","Rafael Tavares","4"
"86936","Ray","4"
"86942","Abuda","4"
"73957","Ewerton Páscoa ","4"
"38021","Wendel","4"
"68834","Rithely","4"
"68911","Diego Souza","4"
"87743","Léo","4"
"82647","Régis","4"
"38369","Ibson","4"
"51985","Anderson Pedra","4"
"81952","Willian","4"
"87742","Neto","4"
"44857","Naldinho","4"
"84188","Welton","4"
"77567","Zé Mário","4"
"71042","Augusto","4"
"85149","Ronaldo","4"
"89466","Horácio","4"
"38579","Rodrigo Mancha","4"
"42540","Bileu","4"
"88671","Guilherme","4"
"73051","Robert Flores","4"
"60822","Renan Oliveira","4"
"38986","Aílton","4"
"86519","Everton Felipe","4"
"79713","Carlos Alberto","4"
"83266","Marcos Guilherme ","4"
"56102","João Paulo","4"
"74078","Hernani","4"
"50292","Paulinho Dias","4"
"82463","Otávio ","4"
"69018","Deivid","4"
"87009","Nathan","4"
"87227","Zé Paulo","4"
"71778","Bady","4"
"82466","Bruno Pelissari","4"
"82468","Willyan Sotto","4"
"70311","Fran Mérida","4"
"84707","Jonatan Lucca","4"
"86765","Bruno Mota","4"
"74077","Maycon Canário","4"
"78176","Harrison","4"
"60791","Derley","4"
"82381","Juninho","4"
"73684","Mirabaje","4"
"79335","Éverton","4"
"84794","Matteus ","4"
"37654","Rosinei","4"
"73511","Dudu Figueiredo","4"
"78965","Roni","4"
"73445","Denner","4"
"84104","Luizinho","4"
"80374","Norberto ","4"
"63014","Gil","4"
"86588","Ícaro","4"
"74076","Misael","4"
"73338","Djair","4"
"38638","Germano","4"
"36522","Alex","4"
"42490","Jajá","4"
"51681","Hélder","4"
"74140","Elber","4"
"82455","Zé Rafael ","4"
"82630","Calyson","4"
"88054","Diogo Sodré","4"
"62104","Robinho","4"
"71093","Baraka","4"
"88146","Maranhão","4"
"78500","Sérgio Manoel","4"
"70054","Marcos Paulo","4"
"63208","Zezinho","4"
"80171","Dedé","4"
"60948","Diones","4"
"68698","Bruno Silva","4"
"62009","Camilo","4"
"37983","Ricardo Conceição","4"
"85931","Hyoran","4"
"51293","Wanderson","4"
"87202","Lucas ","4"
"80795","Dieguinho","4"
"73633","Júnior Timbó","4"
"79892","Nenén","4"
"79193","Abuda","4"
"70925","Wescley","4"
"68938","Giovanni Augusto","4"
"81914","Léo Lisboa","4"
"81950","Jefferson","4"
"87747","Yago","4"
"71113","Felipe ","4"
"50321","Vitor Júnior","4"
"84887","Dener","4"
"83688","Luan","4"
"37816","Marco Antônio","4"
"38630","Rivaldo","4"
"82884","Matheus Gonzaga","4"
"88166","Felipe Caldeira","4"
"78716","Nem","4"
"69047","Paulo Roberto","4"
"72084","França","4"
"71742","Hiroshi","4"
"68994","Wesley","4"
"36775","Marcos Assunção","4"
"38588","Elton","5"
"83134","Igor Sartori","5"
"70929","Negueba","5"
"80913","Nixon","5"
"80337","Arthur ","5"
"78578","Paulinho","5"
"72893","Eduardo Da Silva","5"
"37673","Alecsandro","5"
"72386","Hernane","5"
"61115","Jobson","5"
"78012","Yuri Mamute","5"
"79038","Murilo","5"
"62127","Wallyson","5"
"73540","Rogério","5"
"74065","Zeballos","5"
"79022","Yguinho","5"
"88987","Bruno Correa","5"
"88651","Vinícius","5"
"81236","Ferreyra","5"
"68744","Emerson","5"
"79578","Sassá","5"
"89921","Maikon","5"
"89479","Gustavo Tocantins","5"
"75295","Paolo Guerrero","5"
"88323","Ángel Romero","5"
"80287","Luciano","5"
"88056","Malcom","5"
"83471","Paulinho","5"
"77738","Romarinho","5"
"73027","Potita","5"
"50532","Maxi Biancucchi","5"
"68773","Henrique","5"
"86927","Nadson","5"
"82502","Rafinha","5"
"38482","Marcos Aurélio","5"
"68930","Kieza","5"
"72099","Wiliam Barbio","5"
"88075","Jeam","5"
"80076","Zé Roberto","5"
"83872","Erick","5"
"70874","Rhayner","5"
"73516","Rafael","5"
"71995","Hugo","5"
"38374","Alessandro","5"
"89932","JacÃ³","5"
"84791","Kenedy","5"
"62128","Walter","5"
"80949","Biro Biro","5"
"38162","Fred","5"
"70924","Matheus Carvalho","5"
"37798","Rafael Sobis","5"
"68894","Bruno Veiga","5"
"87420","Cristaldo","5"
"73085","Leandro","5"
"81905","Henrique","5"
"86222","Rodolfo","5"
"50666","Diogo","5"
"83130","Erik ","5"
"70106","Mouche","5"
"89154","Gabriel Fernando","5"
"88367","Chico","5"
"73213","Miguel","5"
"42222","Osvaldo","5"
"37919","Luis Fabiano","5"
"50347","Alan Kardec","5"
"86842","Ewandro","5"
"74085","Ademilson","5"
"49675","Alexandre Pato","5"
"78241","Pabón","5"
"73896","Geuvânio","5"
"68953","Leandro Damião","5"
"68929","Thiago Ribeiro","5"
"83255","Giva","5"
"87191","Jorge Eduardo","5"
"86837","Diego Cardoso","5"
"87101","Stéfano Yuri","5"
"73025","Geovane","5"
"38246","Robinho","5"
"73635","Rildo","5"
"83257","Gabriel","5"
"84918","Rafael Ratão","5"
"80536","Victor Andrade","5"
"79947","Marion","5"
"63219","Luan","5"
"68690","André","5"
"38231","Diego Tardelli","5"
"50294","Guilherme","5"
"38138","Jô","5"
"80381","Cesinha","5"
"85027","Carlos","5"
"88064","Marcos Vinícius","5"
"68807","Neto Berola","5"
"37941","Borges","5"
"42116","Willian","5"
"60788","Marquinhos","5"
"50358","Marcelo Moreno","5"
"37613","Dagoberto","5"
"83772","Neilton","5"
"89190","Judivan ","5"
"89444","Hugo Ragelli","5"
"70218","Ernesto Farías","5"
"60834","Luan","5"
"68920","Dudu","5"
"82632","Lucas Coelho","5"
"86759","Luan","5"
"78379","Barcos","5"
"68758","Fernandinho","5"
"86757","Everton","5"
"89341","Nicolas Careca","5"
"89468","Erik","5"
"88480","Ronan","5"
"40179","Kleber","5"
"37655","Rafael Moura","5"
"70360","Eduardo Sasha","5"
"88780","Leandro","5"
"38108","Jorge Henrique","5"
"38279","Wellington Paulista","5"
"85930","Aylon","5"
"80403","Maurides","5"
"37653","Nilmar","5"
"86512","Bruno Gomes","5"
"80568","Willie","5"
"85607","Léo Ceará","5"
"80777","Wellington","5"
"50418","Dinei","5"
"80188","Marcos Junior","5"
"70928","William Henrique","5"
"78694","Guillermo Beltrán","5"
"80774","Alan Pinheiro","5"
"38602","Edno","5"
"68917","Vinícius","5"
"68883","Caio","5"
"68968","Adailton","5"
"72046","Rômulo","5"
"71799","Silvinho","5"
"86932","Gustavo","5"
"80537","Michael","5"
"61149","Lucca","5"
"37762","Souza","5"
"88782","Andrew","5"
"38613","Zé Carlos","5"
"83614","Bruno Lopes","5"
"82625","Maurinho","5"
"89884","Kalil","5"
"38362","Rodrigo Silva","5"
"87935","Cristiano","5"
"80769","Fernando Karanga","5"
"79345","Danilo Alves","5"
"89898","Roger","5"
"50909","Bruno Mineiro","5"
"71041","Assuério","5"
"74087","Léo Bonatini","5"
"82737","Welinton Junior","5"
"84848","Erik","5"
"73806","Samuel ","5"
"78236","Danilo","5"
"36792","Araújo","5"
"72389","Mike","5"
"60825","Felipe Azevedo","5"
"61135","Ananias","5"
"42118","Neto Baiano","5"
"87741","Joelinton","5"
"83511","Érico Júnior","5"
"37848","Leonardo","5"
"69703","Diego Maurício","5"
"81151","Sandrinho","5"
"82408","Bruninho","5"
"89694","James Dean","5"
"86189","Mosquito","5"
"77579","Dellatorre","5"
"38525","Cléo","5"
"82469","Douglas Coutinho ","5"
"78558","Romulo Cabral","5"
"88850","Marco Damasceno ","5"
"69022","Marcelo","5"
"78977","Bruno Mendes","5"
"84098","Gustavo","5"
"86767","Dominic","5"
"84190","Guilherme","5"
"73446","Éderson","5"
"73009","Crislan","5"
"79228","Bruno Furlan","5"
"41357","Adriano","5"
"80280","Taiberson","5"
"74086","Pedro Paulo ","5"
"82787","Joel","5"
"88915","Douglas ","5"
"38960","Zé Eduardo","5"
"50880","Keirrison","5"
"70759","Martinuccio","5"
"83439","Maykon","5"
"40904","Julio Cesar","5"
"70055","Geraldo","5"
"80572","Alex Santos","5"
"86491","Jonatha Fumaça","5"
"50413","Anderson Aquino","5"
"68893","André Lima","5"
"51683","Bruno Rangel","5"
"51193","Fabinho Alves","5"
"87585","Mailson","5"
"62119","Tiago Luis","5"
"88069","Leonardo Cabeça","5"
"86334","Roni","5"
"68696","Bergson","5"
"89445","Yuri","5"
"41126","Rodrigo Gral","5"
"78968","Leandro","5"
"63326","Rychely ","5"
"78756","Alemão","5"
"80321","Neílson","5"
"68974","Marcão","5"
"69138","Pablo","5"
"50366","Jean Carlos","5"
"69048","Mazola","5"
"77809","William Pottker","5"
"78117","Everaldo","5"
"86419","Jonathan","5"
"62012","Ciro","5"
"73055","Bruno Fornaroli","5"
"81770","Clayton","5"
"85210","Jonatan Ponciano","5"
"69141","Ricardo Bueno","5"
"73563","Lúcio Maranhão","5"
"78967","Dudu","5"
"50326","Éverton Santos","5"
"72504","Denilson","5"
"41327","Vanderlei Luxemburgo","6"
"79019","Jayme De Almeida","6"
"39850","Vagner Mancini","6"
"86229","Eduardo Hungaro","6"
"37281","Mano Menezes","6"
"88899","Charles Fabian","6"
"37306","Gilson Kleina","6"
"71100","Márcio Araújo","6"
"60752","Cristóvão Borges","6"
"40990","Dorival Júnior","6"
"73948","Ricardo Gareca","6"
"84863","Alberto Valentim","6"
"36934","Muricy Ramalho","6"
"62137","Enderson Moreira","6"
"36940","Oswaldo De Oliveira","6"
"40025","Levir Culpi","6"
"36943","Paulo Autuori","6"
"62136","Marcelo Oliveira","6"
"43618","Luiz Felipe Scolari","6"
"88898","André Jardine","6"
"40006","Abel Braga","6"
"37246","Ney Franco","6"
"89100","Éder Bastos","6"
"88617","Carlos Amadeu","6"
"37592","Toninho Cecílio","6"
"72742","Wagner Lopes","6"
"41946","Caio Júnior","6"
"73481","Gilmar Dal Pozzo","6"
"88538","Wilson Vaterkemper","6"
"87746","Luizinho Vieira","6"
"62139","Ricardo Drubscky","6"
"87211","Eduardo Baptista","6"
"84761","Claudinei Oliveira","6"
"88686","Leandro Ávila","6"
"82657","Miguel Ángel Portuga","6"
"79343","Doriva","6"
"81031","Marquinhos Santos","6"
"36856","Celso Roth","6"
"73315","Jorginho","6"
"88717","Celso Rodrigues","6"
"73317","Argel Fucks","6"
"37245","Guto Ferreira","6"
"60780","Vinícius Eutrópio","6"
"68873","Paulo Victor","1"
"78086","César","1"
"89258","Daniel","1"
"42234","Cássio","1"
"51413","Walter","1"
"79535","Vaná","1"
"77556","Bruno","1"
"90297","Guilherme","1"
"91808","Caique","1"
"80286","Matheus Vidotto","1"
"73336","Rafael Martins","1"
"72603","William Menezes","1"
"86449","Samuel","1"
"38431","Diego Cavalieri","1"
"68884","Klever","1"
"49673","Júlio César","1"
"85004","Marcos Felipe ","1"
"73074","Rafael Copetti ","1"
"69249","Martín Silva","1"
"86776","Jordi","1"
"74067","Charles ","1"
"38140","Fernando Prass","1"
"37984","Aranha","1"
"70951","Fabio","1"
"85083","Vinícius Silvestre","1"
"72290","Jailson","1"
"38055","Rogério Ceni","1"
"51175","Denis","1"
"68932","Renan Ribeiro","1"
"71043","Leo","1"
"91260","Lucas Perri","1"
"62121","Vanderlei","1"
"69040","Vladimir","1"
"78839","Gabriel Gasparotto","1"
"85425","João Paulo","1"
"52950","Victor","1"
"68979","Giovanni","1"
"85418","Uilson","1"
"37656","Fábio","1"
"68928","Rafael","1"
"79048","Elisson","1"
"82769","Alan","1"
"37770","Marcelo Grohe","1"
"87611","Tiago","1"
"71818","Bruno Grassi","1"
"90331","Vitor","1"
"87008","Léo","1"
"82896","Alisson Becker","1"
"36443","Dida","1"
"69041","Muriel","1"
"37899","Renan","1"
"88147","Paulo Henrique","1"
"41218","Magrão","1"
"69051","Danilo Fernandes","1"
"88430","Luiz Carlos ","1"
"71631","Weverton","1"
"69012","Santos","1"
"80192","Hugo Gumiero","1"
"80276","Alexandre Cajuru","1"
"86760","Lucas Macanhan","1"
"68872","Marcelo Lomba","1"
"80394","Matheus Inácio","1"
"88136","Ivan","1"
"69010","João Carlos","1"
"71971","Reynaldo ","1"
"78151","Vagner","1"
"37695","Diego","1"
"81094","Vítor","1"
"82768","Danilo","1"
"52897","Nivaldo","1"
"40130","Silvio","1"
"71601","João Paulo","1"
"91099","Willian ","1"
"37958","Felipe","1"
"79066","Alex ","1"
"88916","Luan Polli ","1"
"88848","Júnior","1"
"72731","Oliveira","1"
"71724","Agenor","1"
"80328","Jhonatan","1"
"80335","Vitor","1"
"90317","Matheus","1"
"91194","Thiago","1"
"91710","Jacsson","1"
"73889","Wallace","1"
"91712","Matheus Alves","1"
"92057","Gabriel Félix","1"
"50284","Wilson","1"
"63082","Rodolfo","1"
"87266","Duda","1"
"92438","Matheus Phillipe","1"
"89975","Rodolfo","1"
"68693","Armero","2"
"62086","Pará","2"
"50453","Anderson Pico","2"
"88065","Jorge","2"
"81219","Thallyson","2"
"38229","Fábio Santos","2"
"42500","Fagner","2"
"63194","Carlinhos","2"
"80374","Norberto ","2"
"60852","Uendel","2"
"38523","Edílson","2"
"73644","Ivan","2"
"63018","Guilherme Andrade","2"
"91388","Rodrigo Ramos","2"
"79401","Paulo Otávio","2"
"71892","Wellington Silva","2"
"72097","Giovanni","2"
"39572","Renato","2"
"85626","Leonardo","2"
"82641","Ronan","2"
"78077","Madson","2"
"84893","Henrique ","2"
"82499","Christiano ","2"
"87750","Lorran","2"
"38446","Nei","2"
"37663","Julio Cesar","2"
"83867","Erick Daltro","2"
"36612","Zé Roberto","2"
"42145","Egídio","2"
"50362","Lucas","2"
"71602","João Paulo","2"
"89273","João Pedro ","2"
"72334","Ayrton","2"
"38451","Carlinhos","2"
"42499","Bruno","2"
"78850","Reinaldo","2"
"88540","Auro","2"
"68711","Chiquinho","2"
"70046","Victor Ferraz","2"
"61106","Cicinho","2"
"89342","Caju","2"
"88225","Daniel Guedes ","2"
"87192","Zeca","2"
"72529","Crystian","2"
"63013","Marcos Rocha","2"
"60969","Patric","2"
"79826","Douglas Santos","2"
"61211","Carlos Cesar","2"
"51779","Pedro Botelho","2"
"77895","Emerson Conceição","2"
"81150","Mayke","2"
"49674","Fabrício","2"
"37790","Ceará","2"
"77967","Mena","2"
"79887","Fabiano","2"
"87213","Pará","2"
"86411","Breno","2"
"50328","Marcelo Oliveira","2"
"69090","Matías Rodríguez","2"
"68821","Rafael Galhardo","2"
"89343","Júnior","2"
"82639","Marcelo Hermes","2"
"90304","Tinga","2"
"90531","Raul","2"
"85882","Diogo","2"
"74074","Claudio Winck","2"
"69177","Léo","2"
"63110","Alan Ruschel","2"
"85591","Artur","2"
"89275","William","2"
"89976","Geferson","2"
"70916","Diogo Goiano","2"
"82764","Rafael Forster","2"
"89606","Felipe Saturnino","2"
"71037","Clayton Sales","2"
"90916","Everton","2"
"87265","Bocão","2"
"78445","Renê","2"
"68904","Vítor","2"
"84861","Alex Silva","2"
"91001","Evandro","2"
"73384","Samuel Xavier","2"
"91387","Sinho","2"
"86264","Natanael","2"
"50645","Eduardo","2"
"73318","Daniel Borges","2"
"86409","Lucas Olaza","2"
"86771","Luiz Paulo ","2"
"87228","Guilherme Arana","2"
"82943","Matheus Ribeiro","2"
"91842","Breno","2"
"82457","Jean Felipe","2"
"38043","Alessandro","2"
"62997","João Paulo","2"
"82525","Rodrigo Biro","2"
"52674","Gilson","2"
"73992","Rodinei","2"
"86615","Malcoon","2"
"84917","Jeferson","2"
"87601","Junio ","2"
"60794","Pablo","2"
"68808","Nino Paraíba","2"
"80323","Marrone","2"
"50346","Guilherme Santos","2"
"73527","Willian Rocha","2"
"42474","Eltinho","2"
"86391","Sander","2"
"62976","Everton Silva","2"
"80975","Romário ","2"
"91888","Kevin ","2"
"51042","Apodi","2"
"69782","Dener Assunção","2"
"83760","Caramelo","2"
"90777","Michel","2"
"90939","Wesley","2"
"90291","Pedro","2"
"69329","Cereceda","2"
"77529","Leandro Silva","2"
"80553","Guilherme Lazaroni","2"
"80552","Marquinhos Pedroso","2"
"73618","Léo Rodrigues","2"
"89977","Bruno Santos","2"
"83811","William Cordeiro","2"
"72023","Sueliton","2"
"61241","Wellington Saci","2"
"73879","Rogério","2"
"70915","Luis Felipe","2"
"69015","Heracles","2"
"87399","Mário Sérgio","2"
"90318","Joãozinho","2"
"71885","Tiago Costa","2"
"87754","Diego","2"
"87486","Matheus","2"
"73890","Mário Sérgio","2"
"86783","Henrique","2"
"82775","Lucas Ramon ","2"
"82636","Jefferson Recife","2"
"87482","Gimenez","2"
"86764","Sidcley","2"
"92094","Diogo Vitor","2"
"82128","Ferrugem","2"
"79646","Bruno Pereirinha","2"
"78497","Arnaldo","2"
"86509","Ebert","2"
"37705","Juan","2"
"92293","Lucas Taylor ","2"
"79553","Mansur","2"
"51869","Edson Ratinho","2"
"71116","Roberto","2"
"92501","Lucas Lovat","2"
"89641","Bruno Ferreira","2"
"42225","Eusébio","2"
"92618","Wesley","2"
"92661","Oliveira","2"
"37662","Jonathan","2"
"42236","Bruno Teles","2"
"80338","Tony ","2"
"92848","Breno Santos","2"
"92189","Samuel ","2"
"88393","Ayrton ","2"
"68958","Wallace","3"
"84318","Samir ","3"
"72491","Bressan","3"
"78895","Marcelo","3"
"74103","Frauches ","3"
"68923","Gil","3"
"50462","Leandro Almeida","3"
"73465","Luccas Claro","3"
"73375","Felipe","3"
"37657","Edu Dracena","3"
"80441","Bonfim ","3"
"63005","Welinton","3"
"77500","Yago","3"
"82749","Eberson","3"
"63418","Leandro Silva","3"
"73991","Walisson","3"
"91509","Rodrigo Sam","3"
"68887","Gum","3"
"80538","Marlon","3"
"38194","Antônio Carlos","3"
"71090","João Filipe","3"
"38365","Henrique","3"
"70111","Guilherme Mattis","3"
"82740","Artur","3"
"84889","Victor Oliveira","3"
"91815","Ygor Nogueira","3"
"37644","Rodrigo","3"
"80692","Luan","3"
"70933","Anderson Salles","3"
"82306","Douglas Silva","3"
"73876","Jomar","3"
"61986","Aislan","3"
"73421","Rafael Vaz","3"
"73910","Tobio","3"
"72605","Vitor Hugo","3"
"63000","Victor Ramos","3"
"89156","Nathan","3"
"70934","Jackson","3"
"68907","Wellington","3"
"78946","Dória","3"
"63008","Rafael Toloi","3"
"71507","Edson Silva","3"
"50408","Breno","3"
"68817","Paulo Miranda","3"
"84554","Lucão","3"
"50317","David Braz","3"
"62974","Werley","3"
"78248","Gustavo Henrique","3"
"73855","Jubal","3"
"88224","Paulo Ricardo","3"
"36591","Leonardo","3"
"84263","Jemerson","3"
"68925","Leonardo Silva","3"
"38061","Edcarlos","3"
"79042","Tiago ","3"
"91156","Jesiel","3"
"87229","Donato","3"
"87393","Gabriel","3"
"50459","Léo","3"
"60819","Dedé","3"
"37604","Paulo André","3"
"69014","Manoel","3"
"51705","Bruno Rodrigo","3"
"78407","Douglas Grolli","3"
"73860","Thiago Carvalho","3"
"87400","Alex","3"
"80853","Pedro Geromel","3"
"81223","Erazo","3"
"42501","Rhodolfo","3"
"71572","Gabriel","3"
"83048","Rafael Thyere","3"
"90332","Gabriel Silva","3"
"36540","Juan","3"
"52253","Réver","3"
"63172","Paulão","3"
"49651","Ernando","3"
"82613","Alan Costa","3"
"63031","Valmir Lucas","3"
"80036","Alex Alves","3"
"85399","Felipe Macedo","3"
"71784","Júnior Lopes","3"
"72490","Fred","3"
"91772","Deivid Duarte","3"
"89816","Baiano","3"
"38100","Durval","3"
"38632","Matheus Ferraz","3"
"73957","Ewerton Páscoa ","3"
"71593","Henrique Mattos","3"
"78422","Oswaldo","3"
"91664","Adryelson","3"
"80281","Cleberson","3"
"37840","Gustavo","3"
"88870","Lula","3"
"50427","Kadu","3"
"83528","Léo Pereira","3"
"79334","Ricardo Silva","3"
"82459","Rafael Zuchi","3"
"91866","José Ivaldo","3"
"51495","Tiago Alves","3"
"68827","Renato Chaves","3"
"69143","Diego Ivo","3"
"69165","Pablo","3"
"86713","Jonathan","3"
"91261","Bernardo","3"
"91273","Rodrigo Lobão","3"
"42489","Cássio","3"
"38745","Jéci","3"
"79702","Antônio Carlos ","3"
"51299","Emerson","3"
"87268","Philipe Maia","3"
"50439","Vilson","3"
"50361","Rafael Lima","3"
"69008","Neto","3"
"50393","Thiego","3"
"51168","André Paulino","3"
"87201","Igor ","3"
"89191","Felipe Zang","3"
"38394","Thiago Heleno","3"
"38515","Marquinhos","3"
"72039","Ferron","3"
"73620","Bruno Alves","3"
"62971","Nirley","3"
"91920","Henrique","3"
"91921","Jatobá","3"
"62004","Bruno Aguiar","3"
"78648","Dráusio","3"
"73528","Guti","3"
"83101","Alef","3"
"79339","Dankler","3"
"78414","Rafael Donato","3"
"82461","Danrlei","3"
"90320","Igor","3"
"90319","André Baumer","3"
"86970","Eduardo","3"
"91946","Eriks","3"
"77773","Vilches","3"
"68945","Saimon","3"
"92087","Lyanco","3"
"63354","Rodrigo Moledo","3"
"37623","Rafael Marques","3"
"82403","César Martins","3"
"92182","Juninho","3"
"71603","Luiz Eduardo","3"
"92291","Bruno Viana","3"
"82341","Luiz Gustavo","3"
"41159","João Carlos","3"
"92500","Rafael Dumas","3"
"38425","Fábio Ferreira","3"
"72133","Ednei","3"
"92662","Denilson","3"
"69070","Wagner","3"
"89226","Iago Maidana","3"
"87225","Pedro Henrique","3"
"93368","Lucas Veríssimo","3"
"93378","Augusto","3"
"50301","Everton","4"
"73918","Canteros","4"
"38311","Márcio Araújo","4"
"85586","Jonas","4"
"73515","Gabriel","4"
"68962","Arthur Maia","4"
"74060","Luiz Antonio ","4"
"37993","Almir","4"
"69268","Víctor Cáceres","4"
"81121","Lucas Mugni","4"
"91263","Jajá","4"
"38315","Jadson","4"
"52190","Ralf","4"
"38398","Renato Augusto","4"
"54395","Elias","4"
"38067","Danilo","4"
"50877","Pedro Ken","4"
"78891","Petros","4"
"37608","Cristian","4"
"70132","Alan Santos","4"
"72943","Luís Cáceres","4"
"51681","Hélder","4"
"70944","Bruno Henrique","4"
"37654","Rosinei","4"
"56102","João Paulo","4"
"71844","Thiago Galhardo","4"
"82503","Rodolfo","4"
"88054","Diogo Sodré","4"
"86588","Ícaro","4"
"91714","Marciel","4"
"91323","Luccas Barreto","4"
"82455","Zé Rafael ","4"
"91715","Matheus Cassini","4"
"90370","Matheus Pereira","4"
"82939","Ruy","4"
"84993","Fabrício Baiano","4"
"62047","Jean","4"
"89256","Gerson","4"
"80370","Edson","4"
"37674","Wagner","4"
"71162","Vinícius","4"
"80944","Marlone","4"
"38440","Pierre","4"
"85121","Robert ","4"
"90366","Luiz Fernando ","4"
"80400","Rafinha","4"
"87999","Gustavo Scarpa","4"
"90311","Bryan Olivera","4"
"50533","Guiñazu","4"
"60853","Julio Dos Santos","4"
"68697","Bernardo","4"
"84679","Emanuel Biancucchi","4"
"50454","Serginho","4"
"38763","Marcinho","4"
"78652","Jhon Cley","4"
"78556","Lucas","4"
"88379","Jean Patrick","4"
"37627","Diguinho","4"
"53896","Sandro Silva","4"
"84557","Montoya ","4"
"72117","Victor Bolt","4"
"79585","Jonatas Paulista","4"
"87483","Matheus Índio","4"
"38435","Valdivia","4"
"38530","Cleiton Xavier","4"
"62104","Robinho","4"
"78605","Gabriel","4"
"84585","Allione","4"
"68685","Alan Patrick","4"
"42232","Amaral","4"
"80576","Renato","4"
"86410","Victor Luis","4"
"37718","Arouca","4"
"83683","Andrei Girotto","4"
"80721","Ryder","4"
"88866","Juninho","4"
"91495","Arancibia","4"
"90300","Julen","4"
"87810","Gabriel Leite","4"
"62977","Ganso","4"
"60803","Souza","4"
"37607","Michel Bastos","4"
"38064","Denilson","4"
"50421","Wesley","4"
"73800","Rodrigo Caio","4"
"86841","Boschilia","4"
"85629","Daniel","4"
"50324","Hudson","4"
"71123","Thiago Mendes","4"
"38908","Renato","4"
"37917","Elano","4"
"68954","Marquinhos Gabriel","4"
"73974","Alison","4"
"90566","Rafael Longuine","4"
"80583","Lucas Lima","4"
"50417","Valencia","4"
"78235","Leandrinho","4"
"88597","Lucas Crispim","4"
"70986","Léo Cittadini","4"
"84896","Lucas Otávio ","4"
"88002","Serginho","4"
"89637","Thiago Maia","4"
"69240","Dátolo","4"
"50294","Guilherme","4"
"51318","Leandro Donizete","4"
"37851","Maicosuel","4"
"84927","Dodô","4"
"36790","Josué","4"
"72871","Cárdenas","4"
"60784","Rafael Carioca","4"
"68938","Giovanni Augusto","4"
"84851","Lucas Cândido","4"
"89306","Paulinho","4"
"78994","Eduardo","4"
"87291","Danilo Pires","4"
"87863","De Arrascaeta","4"
"54424","Willians","4"
"37694","Henrique","4"
"38921","Júlio Baptista","4"
"69099","Seymour","4"
"50382","Charles","4"
"85040","Gabriel Xavier","4"
"63058","Willian Farias","4"
"73721","Marcos Vinícius","4"
"87401","Eurico","4"
"89924","Bruno Edgar","4"
"51548","Giuliano","4"
"38738","Douglas","4"
"71234","Cristian Rodríguez","4"
"38196","Maicon","4"
"70116","Fellipe Bastos","4"
"88479","Walace","4"
"78715","Ramiro","4"
"90303","Lincoln","4"
"82703","Matheus Biteco","4"
"90334","Araújo","4"
"90532","Arthur","4"
"89227","Balbino","4"
"62023","D'Alessandro","4"
"38219","Alex","4"
"69325","Aránguiz","4"
"38852","Anderson","4"
"38573","Nilton","4"
"85423","Valdivia","4"
"62129","Wellington","4"
"88366","Martín Luque","4"
"73750","Nicolás Freitas","4"
"78530","Matheus Bertotto","4"
"78865","Rodrigo Dourado","4"
"81091","Jair","4"
"89930","Andrigo","4"
"90481","Alisson Farias","4"
"91916","Silas","4"
"91917","Silva","4"
"38695","David","4"
"63283","Esquerdinha","4"
"50295","Felipe Menezes","4"
"88917","Murilo Henrique","4"
"70992","Juliano","4"
"37783","Ramon","4"
"38074","Ygor","4"
"86935","Rodrigo","4"
"91228","Arthur","4"
"86943","Liniker","4"
"86934","Túlio","4"
"38278","William Kozlowski","4"
"91711","Péricles","4"
"83433","Patrick","4"
"68911","Diego Souza","4"
"68834","Rithely","4"
"74140","Élber","4"
"84382","Danilo","4"
"38021","Wendel","4"
"81952","Willian","4"
"82647","Régis","4"
"38579","Rodrigo Mancha","4"
"44857","Naldinho","4"
"85149","Ronaldo","4"
"89466","Horácio","4"
"87742","Neto","4"
"82634","Matheus Galdezani","4"
"83266","Marcos Guilherme ","4"
"69018","Deivid","4"
"69705","Nikão","4"
"80129","Jadson","4"
"71113","Felipe ","4"
"50292","Paulinho Dias","4"
"71778","Bady","4"
"86765","Bruno Mota","4"
"74078","Hernani","4"
"84381","Rafinha","4"
"78176","Harrison","4"
"82463","Otávio ","4"
"79432","Giovanni","4"
"82466","Bruno Pelissari","4"
"73769","Guilherme Batata","4"
"84707","Jonatan Lucca","4"
"84794","Matteus ","4"
"84098","Gustavo Marmentini","4"
"91687","João Pedro","4"
"51319","Renato Cajá","4"
"42213","Fernando Bob","4"
"68951","Josimar","4"
"78965","Roni","4"
"38186","Adrianinho","4"
"82381","Juninho","4"
"77551","Thomás","4"
"69016","Paulinho","4"
"82680","Nathan Índio","4"
"86148","Ian","4"
"87214","Citta Júnior","4"
"91901","Kauê","4"
"38150","Marquinhos","4"
"60822","Renan Oliveira","4"
"41387","Eduardo Costa","4"
"63020","Tinga","4"
"49641","Adriano","4"
"63003","Uelliton","4"
"73863","Claudinei","4"
"73445","Denner","4"
"73502","Revson","4"
"62107","Rudnei","4"
"91234","Renan","4"
"60797","Eduardo Neto","4"
"91761","Juninho","4"
"88309","Renato","4"
"82791","Toshi","4"
"68698","Bruno Silva","4"
"62009","Camilo","4"
"38069","Richarlyson","4"
"50313","Elicarlos","4"
"63014","Gil","4"
"85931","Hyoran","4"
"51293","Wanderson","4"
"54250","Maylson","4"
"79892","Nenén","4"
"79193","Abuda","4"
"73513","Maranhão","4"
"78458","João Afonso","4"
"90872","Wagner","4"
"82566","Lucas Machado","4"
"90290","Jajá","4"
"63119","Juninho","4"
"72084","França","4"
"37652","Carlos Alberto","4"
"77911","Jean Deretti","4"
"68830","Ricardinho","4"
"51476","Rafael Bastos","4"
"81950","Jefferson","4"
"81914","Léo Lisboa","4"
"84887","Dener","4"
"83688","Luan","4"
"63096","Maicon Talhetti","4"
"69047","Paulo Roberto","4"
"87747","Yago","4"
"80393","Fabinho","4"
"90703","Matheuzinho","4"
"41859","Marcelinho Paraíba","4"
"37781","Marcelo Costa","4"
"71042","Augusto César","4"
"82337","Geandro","4"
"68910","Anselmo","4"
"78897","Naldo","4"
"90321","Kadu","4"
"84314","Ítalo","4"
"91391","Juninho","4"
"91741","Luiz Meneses","4"
"70162","Jackson Caucaia","4"
"91973","Lucas Marques","4"
"91947","Gelson","4"
"38187","Fellype Gabriel","4"
"37792","Edinho","4"
"82567","Moisés","4"
"72382","Marquinhos","4"
"38482","Marcos Aurélio","4"
"37633","Lúcio Flávio","4"
"38032","Cleber Santana","4"
"84530","Maxi Rodríguez","4"
"73529","Jackson","4"
"61033","Rodriguinho","4"
"88307","Marcos Serrato","4"
"68922","Fabrício","4"
"71581","Léo Costa","4"
"77777","João Schmidt ","4"
"81847","Bruno Dybal","4"
"87929","Matheus Vargas","4"
"92085","Giovanny ","4"
"38768","Andrezinho","4"
"74076","Misael","4"
"80399","Higor Leite","4"
"87227","Zé Paulo","4"
"90420","William Schuster ","4"
"68987","João Vitor","4"
"71719","Elton","4"
"77567","Zé Mário","4"
"92145","Hyago","4"
"60802","Bruno Gallo","4"
"85297","Guisao ","4"
"79400","Néstor Camacho","4"
"36802","Ronaldinho Gaúcho","4"
"70173","Ederson","4"
"37688","Cícero","4"
"85984","Barrientos","4"
"92150","Daniel Hernández","4"
"82750","Celsinho","4"
"80363","Ariel Cabral","4"
"92225","Thiago Lopes","4"
"92434","Daniel","4"
"83817","Clayson","4"
"92497","Douglas","4"
"78855","Thiago Santos","4"
"87552","Vitor Bueno","4"
"72007","Uillian Correia","4"
"70515","Ledesma","4"
"62131","Yuri","4"
"87158","Clebinho","4"
"92190","Gustavo Viera","4"
"92574","Kaio","4"
"92584","Milla","4"
"92604","Jeferson","4"
"92631","Trindade","4"
"37837","Cristian","4"
"54422","Jéferson","4"
"80288","Marcelinho","4"
"74081","Guilherme Costa","4"
"85465","Alex Santana","4"
"92841","Fernando Medeiros","4"
"92981","Ronaldo","4"
"89285","Matheus Sales","4"
"93108","Mateus Vital","4"
"93152","Tontini","4"
"90259","Luiz Fernando","4"
"93282","Fabio","4"
"86763","Jonathan ","4"
"93283","Rafinha","4"
"93377","Jobson","4"
"93376","Wesley Souza","4"
"37673","Alecsandro","5"
"78578","Paulinho","5"
"69022","Marcelo Cirino","5"
"72893","Eduardo Da Silva","5"
"80913","Nixon","5"
"91264","Matheus Sávio","5"
"88072","Douglas Baggio","5"
"72167","Mazinho","5"
"75295","Paolo Guerrero","5"
"82456","Rafhael Lucas","5"
"68744","Emerson","5"
"38279","Wellington Paulista","5"
"38959","Vagner Love","5"
"50880","Keirrison","5"
"62127","Wallyson","5"
"70929","Negueba","5"
"88056","Malcom","5"
"90031","Mendoza","5"
"80287","Luciano","5"
"83255","Giva","5"
"88323","Ángel Romero","5"
"91575","Mateus Oliveira","5"
"90890","Paulo Victor ","5"
"38162","Fred","5"
"84791","Kenedy","5"
"36650","Magno Alves","5"
"84684","Lucas Gomes","5"
"70759","Martinuccio","5"
"80188","Marcos Junior","5"
"80537","Michael","5"
"91128","Bruninho","5"
"86444","Pablo Dyego","5"
"37613","Dagoberto","5"
"85211","Thalles","5"
"79584","Yago","5"
"61188","Gilberto","5"
"86725","Rafael Silva","5"
"86189","Mosquito","5"
"88233","Marquinhos","5"
"82510","Romarinho","5"
"68920","Dudu","5"
"38957","Rafael Marques","5"
"87420","Cristaldo","5"
"78968","Leandro Pereira","5"
"89154","Gabriel Jesus","5"
"73085","Leandro","5"
"62069","Maikon Leite","5"
"70106","Mouche","5"
"71549","Kelvin","5"
"37919","Luis Fabiano","5"
"88269","Centurión","5"
"50347","Alan Kardec","5"
"49675","Alexandre Pato","5"
"78580","Jonathan Cafu","5"
"86842","Ewandro","5"
"38246","Robinho","5"
"38910","Ricardo Oliveira","5"
"73896","Geuvânio","5"
"83257","Gabriel","5"
"86837","Diego Cardoso","5"
"73649","Lucas Pratto","5"
"63219","Luan","5"
"68929","Thiago Ribeiro","5"
"85027","Carlos","5"
"38138","Jô","5"
"68690","André","5"
"68807","Neto Berola","5"
"68953","Leandro Damião","5"
"42116","Willian","5"
"60788","Marquinhos","5"
"81905","Henrique Dourado","5"
"81845","Alisson","5"
"82787","Joel","5"
"83189","Riascos","5"
"89190","Judivan ","5"
"83772","Neilton","5"
"86759","Luan","5"
"83028","Braian Rodríguez","5"
"78012","Yuri Mamute","5"
"86757","Everton","5"
"89467","Erick Samuel","5"
"90302","Pedro Rocha","5"
"78435","Vitinho","5"
"37653","Nilmar","5"
"71495","Lisandro López","5"
"70360","Eduardo Sasha","5"
"38108","Jorge Henrique","5"
"37655","Rafael Moura","5"
"80280","Taiberson","5"
"89815","Gustavo Ferrareis","5"
"88780","Leandro","5"
"86512","Bruno Gomes","5"
"84848","Erik","5"
"71381","Ruan","5"
"90285","Bruno Henrique","5"
"82632","Lucas Coelho","5"
"78236","Danilo","5"
"71121","Wesley","5"
"84997","Paulo","5"
"90917","Carlos","5"
"91267","Jarlan","5"
"73641","Robert","5"
"72386","Hernane","5"
"73806","Samuel ","5"
"87741","Joelinton","5"
"72389","Mike","5"
"83511","Érico Júnior","5"
"91002","Ítalo","5"
"91004","Kelvenny","5"
"91003","Alisson","5"
"89694","James Dean","5"
"62128","Walter","5"
"82469","Douglas Coutinho ","5"
"38525","Cléo","5"
"77579","Dellatorre","5"
"74271","Edigar Junio","5"
"88850","Marco Damasceno ","5"
"79710","Caíque","5"
"91186","Romeo Fernandes","5"
"90406","Crysan","5"
"74086","Pedro Paulo ","5"
"81369","Júnior De Barros","5"
"37941","Borges","5"
"73635","Rildo","5"
"80949","Biro Biro","5"
"60825","Felipe Azevedo","5"
"91702","Leandro","5"
"83395","Wanderson","5"
"72204","Diego Oliveira","5"
"80381","Cesinha","5"
"86618","Vitor Xavier","5"
"68893","André Lima","5"
"83335","Anderson Lopes","5"
"38178","Roberto","5"
"71995","Hugo","5"
"78977","Bruno Mendes","5"
"82616","Conrado","5"
"89695","Iury","5"
"89696","Rômulo","5"
"38287","Roger","5"
"55519","Edmílson","5"
"61135","Ananias","5"
"72099","Wiliam Barbio","5"
"51683","Bruno Rangel","5"
"89445","Yuri","5"
"68974","Marcão","5"
"81770","Clayton","5"
"69048","Mazola","5"
"78967","Dudu","5"
"87732","Carlos Henrique","5"
"78117","Everaldo","5"
"87586","Thiago Santana","5"
"77809","William Pottker","5"
"91654","Daniel","5"
"85210","Jonatan Ponciano","5"
"63133","Elias","5"
"62056","Kempes","5"
"62119","Tiago Luis","5"
"60859","Jael","5"
"70928","William Henrique","5"
"69019","Fabinho ","5"
"70121","Rafael Costa","5"
"82737","Welinton Junior","5"
"79228","Bruno Furlan","5"
"81612","Fernando Viana","5"
"86890","William Popp","5"
"62120","Trípodi","5"
"89904","Rafael Furlan","5"
"91468","Mateus Silva","5"
"82653","Vitinho","5"
"84703","Niltinho","5"
"82640","Paulinho","5"
"82397","Núbio Flávio ","5"
"91972","João Paulo","5"
"53148","Ytalo","5"
"87197","Matheus ","5"
"87391","Allano","5"
"70018","Nilson","5"
"38247","William","5"
"79947","Marion","5"
"81772","Tauã","5"
"89479","Gustavo Tocantins","5"
"62011","Choco","5"
"40179","Kleber","5"
"92078","Wallace","5"
"68758","Fernandinho","5"
"82767","Vinícius Araújo","5"
"86485","Keno","5"
"73446","Éderson","5"
"37784","Herrera","5"
"68952","Marinho","5"
"42222","Osvaldo","5"
"71799","Silvinho","5"
"38508","Eder Luis","5"
"69282","Lucas Barrios","5"
"92170","Gabriel Vasconcelos","5"
"92146","André Luís","5"
"68773","Henrique","5"
"92192","Evandro","5"
"51820","Flavinho","5"
"92193","Ravanelli","5"
"38139","Bobô","5"
"91740","Zé Arthur","5"
"38913","Nenê","5"
"69141","Ricardo Bueno","5"
"78756","Alemão","5"
"78718","Michel","5"
"92290","Matheus Pato","5"
"50402","Kayke","5"
"38960","Zé Eduardo","5"
"53865","Léo Gamalho","5"
"88140","Isaac","5"
"73540","Rogério","5"
"92504","Batista","5"
"83438","Guilherme Parede","5"
"40758","Leandrão","5"
"54797","Túlio De Melo","5"
"92623","Kauê","5"
"92617","Léo Tilica","5"
"53189","Alexandro","5"
"92630","Claudinho","5"
"88165","Wilker","5"
"72724","Juba","5"
"92663","Murilo","5"
"68787","Lincom","5"
"61149","Lucca","5"
"92696","Renato Kayzer","5"
"92764","Bruno Baio","5"
"92811","Bruno Rodrigues","5"
"93151","Thiago Santos","5"
"93281","Adriano","5"
"89444","Hugo Ragelli","5"
"41327","Vanderlei Luxemburgo","6"
"45125","Tite","6"
"81031","Marquinhos Santos","6"
"62139","Ricardo Drubscky","6"
"79343","Doriva","6"
"36940","Oswaldo De Oliveira","6"
"70163","Milton Cruz","6"
"91274","Marcelo Fernandes","6"
"40025","Levir Culpi","6"
"62136","Marcelo Oliveira","6"
"43618","Luiz Felipe Scolari","6"
"73766","Diego Aguirre","6"
"39042","Hélio Dos Anjos","6"
"87211","Eduardo Baptista","6"
"86486","Milton Mendes","6"
"37245","Guto Ferreira","6"
"37306","Gilson Kleina","6"
"60780","Vinícius Eutrópio","6"
"73317","Argel Fucks","6"
"79866","Hemerson Maria","6"
"62137","Enderson Moreira","6"
"91970","James Freitas","6"
"79437","Roger Machado ","6"
"60752","Cristóvão Borges","6"
"73717","Juan Carlos Osorio","6"
"41258","Adilson Batista","6"
"84863","Alberto Valentim","6"
"37246","Ney Franco","6"
"36856","Celso Roth","6"
"92083","Augusto César","6"
"72767","Julinho Camargo","6"
"40990","Dorival Júnior","6"
"37187","Pc Gusmão","6"
"92273","Odair Hellmann","6"
"51365","Hudson Coutinho","6"
"70323","Jorginho","6"
"37085","René Simões","6"
"92522","Deivid","6"
"37281","Mano Menezes","6"
"50281","Wanderley Filho","6"
"92702","Daniel Paulista","6"
"37086","Artur Neto","6"
"73580","Falcão","6"
"92837","Sergio Vieira","6"
"92901","Felipe Moreira","6"
"93028","Danny Sergio","6"
"93153","Pachequinho","6"
"87613","Raul Cabral","6"
"93317","Diogo Giacomini","6"
"79019","Jayme De Almeida","6"
"89258","Daniel","1"
"68873","Paulo Victor","1"
"79066","Alex Muralha","1"
"91194","Thiago","1"
"38109","Jefferson","1"
"70222","Sidão","1"
"89492","Saulo","1"
"95694","Victor Hugo","1"
"79973","Helton Leite","1"
"93795","Matheus Cabral","1"
"91808","Caíque França","1"
"80286","Matheus Vidotto","1"
"42234","Cássio","1"
"78584","Douglas Friedrich","1"
"51413","Walter","1"
"49673","Júlio César","1"
"92438","Matheus Phillipe","1"
"38431","Diego Cavalieri","1"
"85004","Marcos Felipe ","1"
"38140","Fernando Prass","1"
"72290","Jailson","1"
"78151","Vagner","1"
"85083","Vinícius Silvestre","1"
"91260","Lucas Perri","1"
"68932","Renan Ribeiro","1"
"71043","Leo","1"
"51175","Denis","1"
"78839","Gabriel Gasparotto","1"
"94044","John Victor","1"
"62121","Vanderlei","1"
"69040","Vladimir","1"
"85425","João Paulo","1"
"37659","Lauro","1"
"68979","Giovanni","1"
"52950","Victor","1"
"93882","Cleiton","1"
"85418","Uilson","1"
"95118","Thiago Henrique","1"
"68928","Rafael","1"
"79048","Elisson","1"
"93869","Lucas França","1"
"94962","Lucão","1"
"37656","Fábio","1"
"96024","Jonathan","1"
"37770","Marcelo Grohe","1"
"87611","Tiago","1"
"71818","Bruno Grassi","1"
"95121","Matheus Nogueira","1"
"87008","Léo","1"
"90331","Vitor","1"
"97138","Dida","1"
"68872","Marcelo Lomba","1"
"69051","Danilo Fernandes","1"
"91710","Jacsson","1"
"93834","Keiller","1"
"69041","Muriel","1"
"96468","Daniel","1"
"71571","Fernando Miguel","1"
"91101","Ronaldo","1"
"92207","Caíque","1"
"70216","Gustavo","1"
"90892","Wallace","1"
"88430","Luiz Carlos ","1"
"94147","Lucas Ferreira","1"
"71724","Agenor","1"
"41218","Magrão","1"
"71631","Weverton","1"
"69012","Santos","1"
"63082","Rodolfo","1"
"86760","Lucas Macanhan","1"
"91204","Warleson","1"
"73336","Rafael Martins","1"
"50284","Wilson","1"
"93846","Rafael Fachin","1"
"77556","Bruno Brígido","1"
"72603","William Menezes","1"
"88136","Ivan","1"
"78086","César","1"
"69010","João Carlos","1"
"80394","Matheus Inácio","1"
"37984","Aranha","1"
"72488","Follmann ","1"
"37788","Marcelo Boeck","1"
"52897","Nivaldo","1"
"82768","Danilo","1"
"73414","Thiago Rodrigues","1"
"88916","Luan Polli ","1"
"88848","Júnior Oliveira","1"
"74061","Gatito Fernández","1"
"84266","Alisson","1"
"81881","João Ricardo","1"
"38350","Fernando Leal","1"
"84555","Glauco","1"
"78979","Edson Kölln","1"
"37601","Tiago Cardoso","1"
"94143","Luiz Miller","1"
"97441","Lukas Silva","1"
"95861","Thiago Ennes","2"
"68711","Chiquinho","2"
"88065","Jorge","2"
"73992","Rodinei","2"
"62086","Pará","2"
"86629","Arthur Henrique","2"
"70916","Diogo Barbosa","2"
"91783","Diego","2"
"86410","Victor Luis","2"
"93797","Marcinho","2"
"90336","Jean","2"
"55348","Luis Ricardo","2"
"96524","Victor Lindenberg","2"
"92054","Alemão","2"
"60852","Uendel","2"
"42500","Fagner","2"
"94765","Léo Principe","2"
"87228","Guilherme Arana","2"
"62130","William Matheus","2"
"72097","Giovanni","2"
"81951","Igor Julião","2"
"37662","Jonathan","2"
"88393","Ayrton ","2"
"71892","Wellington Silva","2"
"90486","Alan Fialho","2"
"49674","Fabrício","2"
"79887","Fabiano","2"
"89273","João Pedro ","2"
"42145","Egídio","2"
"42499","Bruno","2"
"87486","Matheus Reis","2"
"88540","Auro","2"
"95831","Caíque","2"
"95660","Felipe Araruna","2"
"38451","Carlinhos","2"
"77967","Mena","2"
"87350","Buffarini","2"
"89343","Júnior Tavares","2"
"87192","Zeca","2"
"88225","Daniel Guedes ","2"
"92094","Diogo Vitor","2"
"70046","Victor Ferraz","2"
"89342","Caju","2"
"60969","Patric","2"
"61211","Carlos Cesar","2"
"79826","Douglas Santos","2"
"38229","Fábio Santos","2"
"63013","Marcos Rocha","2"
"96532","Adson","2"
"70317","Eron","2"
"84861","Alex Silva","2"
"80318","Ezequiel ","2"
"81150","Mayke","2"
"78632","Bryan","2"
"79256","Sánchez Miño","2"
"50362","Lucas","2"
"62024","Edimar","2"
"95260","Vitinho","2"
"90531","Raul","2"
"94228","Iago","2"
"50328","Marcelo Oliveira","2"
"92501","Lucas Lovat","2"
"92618","Wesley","2"
"38523","Edílson","2"
"74075","Wallace Oliveira","2"
"82639","Marcelo Hermes","2"
"89275","William","2"
"72896","Paulo Cezar","2"
"92661","Matheus Oliveira","2"
"93835","Kaike","2"
"37790","Ceará","2"
"89976","Geferson","2"
"85591","Artur","2"
"78868","Raphinha","2"
"68725","Diego Renan","2"
"80374","Norberto ","2"
"80431","Maicon Silva","2"
"84890","Euller ","2"
"85882","Diogo Mateus","2"
"91387","Sinho","2"
"78445","Renê","2"
"91001","Evandro","2"
"73384","Samuel Xavier","2"
"79553","Mansur","2"
"93804","Maicon","2"
"82499","Christiano ","2"
"51042","Apodi","2"
"79646","Bruno Pereirinha","2"
"69177","Léo","2"
"50645","Eduardo","2"
"86764","Sidcley","2"
"68821","Rafael Galhardo","2"
"90587","Cascardo","2"
"96591","Renan Lodi","2"
"77895","Emerson Conceição","2"
"63194","Carlinhos","2"
"94985","Dodô","2"
"72932","César Benítez","2"
"86820","Reginaldo ","2"
"95291","Eduardo","2"
"68808","Nino Paraíba","2"
"86411","Breno Lopes","2"
"78850","Reinaldo","2"
"84917","Jeferson","2"
"96870","Emerson","2"
"83760","Caramelo","2"
"87482","Gimenez","2"
"74074","Claudio Winck","2"
"69782","Dener Assunção","2"
"63110","Alan Ruschel","2"
"90777","Caixinha","2"
"72334","Ayrton","2"
"77529","Leandro Silva","2"
"90679","Marlon","2"
"94013","Guilherme Morassi","2"
"89977","Bruno Santos","2"
"87213","Pará","2"
"80552","Marquinhos Pedroso","2"
"97133","Dudu","2"
"60794","Pablo","2"
"42236","Bruno Teles","2"
"93884","Danylo Fernandes","2"
"52674","Gilson","2"
"39152","Jonas","2"
"61238","Hélder","2"
"84382","Danilo Barcelos","2"
"73854","Éder Lima","2"
"92692","Michel","2"
"97431","Diego","2"
"37701","Léo Moura","2"
"71885","Tiago Costa","2"
"87399","Mário Sérgio","2"
"68904","Vítor","2"
"95624","Ortega","2"
"82775","Lucas Ramon ","2"
"73344","Renatinho","2"
"71116","Roberto","2"
"86779","Allan ","2"
"97233","Eduardo Silva","2"
"73421","Rafael Vaz","3"
"36540","Juan","3"
"90320","Igor","3"
"94214","Léo Duarte","3"
"92500","Rafael Dumas","3"
"81923","Donatti","3"
"52253","Réver","3"
"82403","César Martins","3"
"89493","Igor Rabello","3"
"72037","Renan Fonseca","3"
"95638","Marcelo","3"
"86972","Emerson Santos","3"
"51299","Emerson Silva","3"
"93414","Joel Carli","3"
"71122","Matheus Menezes","3"
"87887","Balbuena","3"
"77500","Yago","3"
"95820","Léo Santos","3"
"50439","Vilson","3"
"73375","Felipe","3"
"87225","Pedro Henrique","3"
"68887","Gum","3"
"68827","Renato Chaves","3"
"91815","Ygor Nogueira","3"
"80538","Marlon Santos","3"
"50856","Henrique","3"
"83615","Thiago Martins","3"
"37657","Edu Dracena","3"
"72605","Vitor Hugo","3"
"51415","Roger Carvalho","3"
"85241","Yerry Mina","3"
"93378","Augusto","3"
"88368","Gabriel Dias","3"
"38062","Lugano","3"
"71603","Luiz Eduardo","3"
"73800","Rodrigo Caio","3"
"95662","Lucas Kal","3"
"71227","Maicon","3"
"92087","Lyanco","3"
"89226","Iago Maidana","3"
"50408","Breno","3"
"84554","Lucão","3"
"63128","Douglas","3"
"50317","David Braz","3"
"88224","Paulo Ricardo","3"
"79035","Luiz Felipe","3"
"78248","Gustavo Henrique","3"
"95837","Fabián Noguera","3"
"93368","Lucas Veríssimo","3"
"38061","Edcarlos","3"
"91156","Jesiel","3"
"81223","Erazo","3"
"95794","Nathan","3"
"79042","Tiago ","3"
"69042","Ronaldo","3"
"68925","Leonardo Silva","3"
"87393","Gabriel","3"
"91251","Tonhão","3"
"69014","Manoel","3"
"60819","Dedé","3"
"90768","Fabrício Bruno","3"
"92291","Bruno Viana","3"
"50459","Léo","3"
"51705","Bruno Rodrigo","3"
"72490","Fred","3"
"72491","Bressan","3"
"71572","Gabriel","3"
"80853","Pedro Geromel","3"
"68958","Wallace Reis ","3"
"83048","Rafael Thyere","3"
"95832","Marcão","3"
"92662","Denilson","3"
"86745","Lucas Rex","3"
"87342","Kannemann","3"
"63172","Paulão","3"
"95829","Rak","3"
"49651","Ernando","3"
"50462","Leandro Almeida","3"
"91946","Eriks","3"
"82613","Alan Costa","3"
"86970","Eduardo","3"
"82626","Thales ","3"
"86861","Vinicius","3"
"88087","Ramon","3"
"81543","Josué","3"
"70111","Guilherme Mattis","3"
"51792","Kanu","3"
"63000","Victor Ramos","3"
"38365","Henrique","3"
"91359","Bruno","3"
"38100","Durval","3"
"68950","Ronaldo Alves","3"
"78422","Oswaldo","3"
"71593","Henrique Mattos","3"
"91664","Adryelson","3"
"90764","Luis Gustavo","3"
"38632","Matheus Ferraz","3"
"81241","Oswaldo Henríquez","3"
"73544","Jorge Fellipe","3"
"77773","Vilches","3"
"86143","Wanderson","3"
"80281","Cleberson","3"
"83528","Léo Pereira","3"
"37604","Paulo André","3"
"38394","Thiago Heleno","3"
"87267","Marcão","3"
"91866","Zé Ivaldo","3"
"79334","Ricardo Silva","3"
"37623","Rafael Marques","3"
"79276","Nery Bareiro","3"
"73991","Walisson Maia","3"
"92182","Juninho","3"
"73465","Luccas Claro","3"
"96349","Geovane","3"
"97443","Romercio","3"
"97448","Thalisson Kelven","3"
"78407","Douglas Grolli","3"
"50427","Kadu","3"
"51495","Tiago Alves","3"
"38425","Fábio Ferreira","3"
"79702","Antonio Carlos ","3"
"97436","Handerson","3"
"68723","Demerson","3"
"77868","Filipe Machado","3"
"50393","Thiego","3"
"69008","Neto","3"
"94003","Scalon","3"
"50361","Rafael Lima","3"
"78895","Marcelo","3"
"87201","Igor ","3"
"71634","Jaime","3"
"91920","Henrique Trevisan","3"
"62974","Werley","3"
"62971","Nirley","3"
"73620","Bruno Alves","3"
"38515","Marquinhos","3"
"88387","Sueliton","3"
"87402","Messias","3"
"93883","Roger","3"
"51702","Alison","3"
"51549","Adalberto","3"
"82740","Artur","3"
"51707","Cardoso","3"
"97432","Victor Henrique","3"
"36591","Leonardo","3"
"68907","Wellington","3"
"74014","Alemão","3"
"90942","Walter Guimarães","3"
"95623","Lucão","3"
"84847","Luan Peres ","3"
"42247","Danny Morais","3"
"83786","Neris","3"
"50301","Everton","4"
"68685","Alan Patrick","4"
"74083","Adryan ","4"
"71066","Mancuello","4"
"73918","Canteros","4"
"71709","Cuéllar","4"
"94930","Lucas Paquetá","4"
"92631","Trindade","4"
"73515","Gabriel","4"
"38311","Márcio Araújo","4"
"78478","Willian Arão","4"
"70173","Ederson","4"
"92981","Ronaldo","4"
"38909","Diego","4"
"68698","Bruno Silva","4"
"93697","Gervasio Núñez","4"
"89885","Leandrinho","4"
"84324","Octávio","4"
"72362","Rodrigo Lindoso","4"
"71032","Lucas Zen","4"
"61985","Airton","4"
"38928","Dudu Cearense","4"
"90399","Fernandes","4"
"91222","Dierson","4"
"94067","Matheus Fernandes","4"
"62009","Camilo","4"
"80224","Lizio","4"
"82474","Gegê","4"
"82584","Marquinho","4"
"95798","Gustavo Machado","4"
"88125","Yuri","4"
"97352","Pachu","4"
"50294","Guilherme","4"
"68770","Camacho","4"
"91714","Marciel","4"
"80944","Marlone","4"
"70944","Bruno Henrique","4"
"78765","Alan Mineiro","4"
"37608","Cristian","4"
"61033","Rodriguinho","4"
"90370","Matheus Pereira","4"
"54395","Elias","4"
"54424","Willians","4"
"68938","Giovanni Augusto","4"
"68954","Marquinhos Gabriel","4"
"38067","Danilo","4"
"89150","Jean","4"
"96832","Rodrigo Figueiredo","4"
"88030","Warian Santos ","4"
"97315","Guilherme Mantuan","4"
"94336","Mateus","4"
"50407","Marquinho","4"
"92497","Douglas","4"
"87999","Gustavo Scarpa","4"
"37688","Cícero","4"
"90311","Bryan Olivera","4"
"85121","Robert ","4"
"80370","Edson","4"
"80399","Higor Leite","4"
"73511","Dudu","4"
"73513","Maranhão","4"
"73353","Eduardo","4"
"38440","Pierre","4"
"89256","Gerson","4"
"93790","Marlon Freitas","4"
"93791","Danielzinho","4"
"95950","Claudio Aquino","4"
"63158","Moisés","4"
"78605","Gabriel","4"
"37718","Arouca","4"
"36612","Zé Roberto","4"
"89285","Matheus Sales","4"
"86935","Rodrigo","4"
"78855","Thiago Santos","4"
"62047","Jean","4"
"38530","Cleiton Xavier","4"
"86686","Tchê Tchê","4"
"84585","Allione","4"
"95770","Vitinho","4"
"95659","Artur","4"
"71123","Thiago Mendes","4"
"37607","Michel Bastos","4"
"77777","João Schmidt ","4"
"95637","Banguelê","4"
"94931","Lucas Fernandes","4"
"50324","Hudson","4"
"50421","Wesley","4"
"62977","Ganso","4"
"62129","Wellington","4"
"85629","Daniel","4"
"82627","Luiz Araújo","4"
"70958","Jean Carlos","4"
"89637","Thiago Maia","4"
"90566","Rafael Longuine","4"
"90569","Yuri","4"
"87552","Vitor Bueno","4"
"68745","Vecchio","4"
"78548","Jean Mota","4"
"37917","Elano","4"
"78235","Leandrinho","4"
"70986","Léo Cittadini","4"
"88597","Lucas Crispim","4"
"95466","Igor","4"
"95619","Rafael Oller","4"
"95620","Bruno Leonardo","4"
"95621","Danilo","4"
"94045","Diego Gomes","4"
"95464","Gregore","4"
"73974","Alison","4"
"38908","Renato","4"
"71055","Pato Rodríguez","4"
"50417","Valencia","4"
"81148","Ronaldo Mendes","4"
"80583","Lucas Lima","4"
"92841","Fernando Medeiros","4"
"93376","Wesley Souza","4"
"96328","Matheus Oliveira","4"
"37851","Maicosuel","4"
"97349","Daniel","4"
"71829","Júnior Urso ","4"
"69240","Dátolo","4"
"95022","Thalis ","4"
"50369","Carlos Eduardo","4"
"60784","Rafael Carioca","4"
"89693","Leonan","4"
"51318","Leandro Donizete","4"
"81682","Cazares","4"
"84851","Lucas Cândido","4"
"84926","Yago","4"
"83004","Otero","4"
"96433","Ralph","4"
"87158","Cícero","4"
"97324","Matheus Roldan","4"
"90535","Alex","4"
"87860","Federico Gino","4"
"87863","Arrascaeta","4"
"89924","Bruno Ramires","4"
"81776","Bruno Nazário","4"
"37694","Henrique","4"
"74140","Élber","4"
"38421","Rafinha","4"
"80363","Ariel Cabral","4"
"62104","Robinho","4"
"86797","Raniel","4"
"73721","Marcos Vinícius","4"
"84558","Lucas Romero","4"
"38064","Denilson","4"
"90335","Jeferson Negueba","4"
"90532","Arthur","4"
"88479","Walace","4"
"78715","Ramiro","4"
"38196","Maicon","4"
"90334","Araújo","4"
"92574","Kaio","4"
"38738","Douglas","4"
"51548","Giuliano","4"
"90290","Jailson","4"
"90303","Lincoln","4"
"89227","Balbino","4"
"93152","Tontini","4"
"82567","Moisés","4"
"96340","Lima","4"
"86754","Guilherme Amorim","4"
"38219","Alex","4"
"90481","Alisson Farias","4"
"85465","Alex Santana","4"
"91916","Silas","4"
"81091","Jair","4"
"78865","Rodrigo Dourado","4"
"68910","Anselmo","4"
"70742","Seijas","4"
"80393","Fabinho","4"
"60788","Marquinhos","4"
"94722","Yan Petter","4"
"91917","Silva","4"
"78994","Eduardo Henrique","4"
"85423","Valdívia","4"
"38573","Nilton","4"
"38852","Anderson","4"
"42213","Fernando Bob","4"
"89930","Andrigo","4"
"89815","Gustavo Ferrareis","4"
"78530","Matheus Bertotto","4"
"96342","Charles","4"
"91102","Flávio","4"
"88002","Serginho","4"
"72071","Amaral","4"
"70058","Tiago Real","4"
"90309","David","4"
"85400","Marcelo","4"
"39144","Leandro Domingues","4"
"63058","Willian Farias","4"
"91950","Gabriel","4"
"91100","Alípio","4"
"86859","José Welison","4"
"93146","Yan","4"
"72871","Cárdenas","4"
"89466","Horácio","4"
"87742","Neto Moura","4"
"68834","Rithely","4"
"72717","Clayton","4"
"74060","Luiz Antonio ","4"
"68911","Diego Souza","4"
"69343","Mark González","4"
"94445","Juninho","4"
"95539","Fabrício","4"
"50454","Serginho","4"
"38579","Rodrigo Mancha","4"
"86519","Everton Felipe","4"
"85040","Gabriel Xavier","4"
"85149","Ronaldo","4"
"93282","Fábio","4"
"69047","Paulo Roberto","4"
"96633","Pablo","4"
"69018","Deivid","4"
"71162","Vinícius","4"
"74078","Hernani ","4"
"86766","Matheus Rossetto","4"
"69705","Nikão","4"
"91687","João Pedro","4"
"86765","Bruno Mota","4"
"92085","Giovanny ","4"
"95127","Nicolas","4"
"85984","Barrientos","4"
"83266","Marcos Guilherme ","4"
"82463","Otávio","4"
"94924","Íkaro","4"
"85069","Renan Paulino","4"
"71479","Lucho González","4"
"96788","Victor Feitosa","4"
"37792","Edinho","4"
"95855","Kady","4"
"68697","Bernardo","4"
"78464","Fábio Braga","4"
"71040","Felipe Amorim","4"
"74210","César González","4"
"37705","Juan","4"
"72943","Luís Cáceres","4"
"70132","Alan Santos","4"
"94509","Raphael Veiga","4"
"86588","Ícaro","4"
"92225","Thiago Lopes","4"
"56102","João Paulo","4"
"42232","Amaral","4"
"82939","Ruy","4"
"96055","Yan","4"
"97444","Julio Rusch","4"
"97449","Carvalho","4"
"97451","Talysson Lalau","4"
"37837","Cristian","4"
"50295","Felipe Menezes","4"
"38021","Wendel","4"
"68987","João Vitor","4"
"95663","Vinícius","4"
"73281","Renê Júnior","4"
"71719","Elton","4"
"94154","Maycon","4"
"92193","Ravanelli","4"
"95337","Léo Cereja","4"
"95335","Matheus Jesus","4"
"71844","Thiago Galhardo","4"
"83817","Clayson","4"
"85586","Jonas","4"
"79193","Abuda","4"
"90037","João Guima","4"
"92762","Erick","4"
"97437","Marquinhos","4"
"70759","Martinuccio","4"
"78500","Sérgio Manoel","4"
"90634","Lucas Mineiro","4"
"68881","Rodrigo Andrade","4"
"94288","Lima","4"
"78991","Moisés","4"
"38032","Cleber Santana","4"
"68962","Arthur Maia","4"
"94004","Andrei","4"
"63014","Gil","4"
"85931","Hyoran","4"
"82703","Matheus Biteco","4"
"68951","Josimar","4"
"51476","Rafael Bastos","4"
"79892","Nenén","4"
"50313","Elicarlos","4"
"37652","Carlos Alberto","4"
"87747","Yago","4"
"81950","Jefferson","4"
"71707","Michael Ortega","4"
"80330","Jocinei","4"
"70162","Jackson Caucaia","4"
"92145","Hyago","4"
"95622","Marcus Vinicius","4"
"71778","Bady","4"
"83688","Luan","4"
"84887","Dener","4"
"80576","Renato","4"
"84927","Dodô","4"
"82128","Ferrugem","4"
"90703","Matheusinho","4"
"71656","Diego Torres ","4"
"73347","Elvis","4"
"74017","Josa","4"
"97342","João Pedro","4"
"81898","Osman","4"
"69033","Tony","4"
"90635","Guilherme Xavier","4"
"90637","Renato Bruno","4"
"73863","Claudinei","4"
"68956","Ernandes","4"
"93885","Maktom","4"
"93886","Matheusinho","4"
"38822","Leandro Guerreiro","4"
"91928","Christian Sávio","4"
"82381","Juninho","4"
"87361","Eisner Loboa","4"
"95997","Diego Lopes","4"
"97317","Zé Ricardo","4"
"97350","Emiliano","4"
"87291","Danilo Pires","4"
"38763","Marcinho","4"
"88129","Lucas Gomes","4"
"80129","Jadson","4"
"49737","Fernando Gabriel","4"
"72168","João Paulo","4"
"72007","Uillian Correia","4"
"79077","Daniel Costa","4"
"70057","Lelê","4"
"83434","Pedrinho","4"
"92518","Marcílio","4"
"95626","Matheus","4"
"89640","Williams","4"
"60791","Derley","4"
"95625","Cleber","4"
"68924","Leandrinho","4"
"86527","Wellington Cézar","4"
"80171","Dedé","4"
"93567","Pisano","4"
"92850","Alex Bolaño","4"
"90872","Wagner","4"
"97460","João Victor","4"
"68953","Leandro Damião","5"
"68744","Emerson","5"
"68758","Fernandinho","5"
"75295","Paolo Guerrero","5"
"94138","Felipe Vizeu","5"
"91264","Matheus Sávio","5"
"69022","Marcelo Cirino","5"
"93151","Thiago Santos","5"
"68900","Geovane Maranhão","5"
"88651","Vinícius Tanque","5"
"77772","Canales","5"
"79578","Sassá","5"
"94068","Ribamar","5"
"92128","Luis Henrique","5"
"68901","Rodrigo Pimpão","5"
"50413","Anderson Aquino","5"
"83772","Neilton","5"
"84592","Salgueiro","5"
"68690","André","5"
"68918","Bruno Paulo","5"
"88140","Isaac","5"
"88323","Ángel Romero","5"
"61149","Lucca","5"
"92630","Claudinho","5"
"80287","Luciano","5"
"49675","Alexandre Pato","5"
"73635","Rildo","5"
"86932","Gustavo","5"
"92191","Léo Jabá","5"
"96831","Carlinhos","5"
"38617","Danilinho","5"
"92290","Matheus Pato","5"
"36650","Magno Alves","5"
"94583","Pedro","5"
"92081","Richarlison ","5"
"81905","Henrique Dourado","5"
"80188","Marcos Junior","5"
"73806","Samuel ","5"
"42222","Osvaldo","5"
"68895","Wellington","5"
"95937","Alexis Rojas","5"
"89154","Gabriel Jesus","5"
"95799","Artur","5"
"87420","Cristaldo","5"
"89898","Róger Guedes","5"
"37673","Alecsandro","5"
"68920","Dudu","5"
"69282","Lucas Barrios","5"
"92623","Kauê","5"
"78968","Leandro Pereira","5"
"38957","Rafael Marques","5"
"84848","Erik","5"
"97445","Matheus Iacovelli","5"
"61188","Gilberto","5"
"89840","Calleri","5"
"88269","Centurión","5"
"82411","Cueva","5"
"95661","Pedro","5"
"50347","Alan Kardec","5"
"53148","Ytalo","5"
"92663","Murilo","5"
"85297","Wilder","5"
"71549","Kelvin","5"
"89839","Andres Chavez","5"
"84817","Robson","5"
"96558","David Neres","5"
"72382","Marquinhos","5"
"83257","Gabriel","5"
"90651","Rodrigão","5"
"94649","Maxi Rolón","5"
"95465","Matheus Nolasco","5"
"77959","Copete","5"
"38910","Ricardo Oliveira","5"
"78578","Paulinho","5"
"82787","Joel","5"
"86323","Walterson","5"
"96966","Arthur Gomes","5"
"38162","Fred","5"
"63219","Luan","5"
"38246","Robinho","5"
"81770","Clayton","5"
"95779","João Figueiredo","5"
"94894","Capixaba","5"
"95023","Luis Guilherme","5"
"95651","Filipinho","5"
"73649","Lucas Pratto","5"
"70987","Pablo Diogo","5"
"85027","Carlos","5"
"82758","Hyuri","5"
"91094","Ábila","5"
"95560","Joanderson","5"
"89190","Judivan ","5"
"81845","Alisson","5"
"89444","Hugo Ragelli","5"
"37798","Rafael Sobis","5"
"83189","Riascos","5"
"42116","Willian","5"
"87391","Allano","5"
"82469","Douglas Coutinho ","5"
"38139","Bobô","5"
"68773","Henrique Almeida","5"
"78371","Miller Bolaños","5"
"70929","Negueba","5"
"94207","Guilherme","5"
"90302","Pedro Rocha","5"
"92504","Batista","5"
"92617","Léo Tilica","5"
"86759","Luan","5"
"86757","Everton","5"
"83028","Braian Rodríguez","5"
"95978","Ty Sandows","5"
"72389","Mike","5"
"80080","Brenner","5"
"78435","Vitinho","5"
"85930","Aylon","5"
"61999","Ariel","5"
"92764","Bruno Baio","5"
"70360","Eduardo Sasha","5"
"86620","Rivaldinho","5"
"85596","Gustavo Ramos","5"
"84709","Nico López","5"
"80280","Taiberson","5"
"90540","Diego","5"
"79170","Rodrigo Ramallo","5"
"37613","Dagoberto","5"
"89676","Nickson","5"
"70928","William Henrique","5"
"71117","Vander","5"
"68930","Kieza","5"
"68952","Marinho","5"
"92614","Rafaelson","5"
"38960","Zé Eduardo","5"
"91003","Alison","5"
"68779","Johnathan Goiano","5"
"95693","Rodney Wallace","5"
"94144","Thallyson","5"
"95180","Índio","5"
"95181","Vinícius Bala","5"
"82767","Vinícius Araújo","5"
"73540","Rogério","5"
"54797","Túlio de Melo","5"
"55519","Edmílson","5"
"92078","Wallace","5"
"93746","Lenis","5"
"72886","Luis Ruiz","5"
"90406","Crysan","5"
"68893","André Lima","5"
"90307","Juninho","5"
"83335","Anderson Lopes","5"
"60834","Luan","5"
"69138","Pablo","5"
"95126","Yago","5"
"62128","Walter","5"
"86842","Ewandro","5"
"92811","Bruno Rodrigues","5"
"96076","Luciano Cabral","5"
"90899","Lucas Fernandes","5"
"86189","Mosquito","5"
"38356","Jussiê","5"
"84190","Guilherme Schettine","5"
"68807","Neto Berola","5"
"92192","Evandro","5"
"88417","Iago","5"
"95315","Índio","5"
"91519","Kazim","5"
"83438","Guilherme Parede","5"
"73085","Leandro","5"
"68917","Vinicius","5"
"40179","Kleber","5"
"71694","Jorge Ortega","5"
"97450","Gustavo Mosquito","5"
"70874","Rhayner","5"
"60825","Felipe Azevedo","5"
"77809","William Pottker","5"
"83255","Giva","5"
"38279","Wellington Paulista","5"
"38287","Roger","5"
"80076","Zé Roberto","5"
"97438","Lyncon","5"
"93566","Martín Alaníz","5"
"94286","Perotti","5"
"94249","Lourency","5"
"61135","Ananias","5"
"84290","Ailton Canela","5"
"91743","Wesley Natã","5"
"90265","Tiaguinho","5"
"71799","Silvinho","5"
"62056","Kempes","5"
"51683","Bruno Rangel","5"
"84684","Lucas Gomes","5"
"80403","Maurides","5"
"78967","Dudu","5"
"37655","Rafael Moura","5"
"50326","Everton Santos","5"
"71769","Guilherme Queiroz","5"
"63133","Elias","5"
"53669","Lins","5"
"95841","Matheus Henrique","5"
"82952","Ermel","5"
"86725","Rafael Silva","5"
"82570","Gabriel Esteves","5"
"96201","Marcus Índio","5"
"89101","Sávio","5"
"72099","Wiliam Barbio","5"
"80913","Nixon","5"
"94933","Vitinho","5"
"37941","Borges","5"
"37894","Danilo Dias","5"
"62119","Tiago Luis","5"
"70165","Maranhão","5"
"79954","Romário","5"
"82653","Victor Rangel","5"
"80537","Michael","5"
"70018","Nilson","5"
"91649","Pilar","5"
"97433","Guilherme  ","5"
"93733","Ítalo Borges","5"
"78117","Everaldo","5"
"80337","Arthur ","5"
"71915","Bruno Moraes","5"
"79947","Marion","5"
"38230","Grafite","5"
"95627","Ailton ","5"
"62127","Wallyson","5"
"86485","Keno","5"
"72167","Mazinho","5"
"97442","Léo Cotia","5"
"95780","Zé Ricardo","6"
"36934","Muricy Ramalho","6"
"92180","Jair Ventura","6"
"70696","Fábio Carille","6"
"45125","Tite","6"
"36940","Oswaldo de Oliveira","6"
"60752","Cristóvão Borges","6"
"40025","Levir Culpi","6"
"73476","Marcão","6"
"42411","Cuca","6"
"78361","Edgardo Bauza","6"
"41273","Ricardo Gomes","6"
"37424","Pintado","6"
"88898","André Jardine","6"
"40990","Dorival Júnior","6"
"62136","Marcelo Oliveira","6"
"93317","Diogo Giacomini","6"
"70622","Paulo Bento","6"
"37281","Mano Menezes","6"
"91970","James Freitas","6"
"79437","Roger Machado ","6"
"41929","Renato Gaúcho","6"
"73580","Falcão","6"
"36856","Celso Roth","6"
"72588","Lisca","6"
"73317","Argel Fucks","6"
"39850","Vagner Mancini","6"
"92702","Daniel Paulista","6"
"36943","Paulo Autuori","6"
"37306","Gilson Kleina","6"
"93153","Pachequinho","6"
"39355","Carpegiani","6"
"87211","Eduardo Baptista","6"
"92901","Felipe Moreira","6"
"95830","Emerson Cris","6"
"37245","Guto Ferreira","6"
"41946","Caio Júnior","6"
"60780","Vinícius Eutrópio","6"
"94767","Tuca Guimarães","6"
"81031","Marquinhos Santos","6"
"81794","Cláudio Prates","6"
"92837","Sergio Vieira","6"
"39431","Givanildo Oliveira","6"
"62137","Enderson Moreira","6"
"86486","Milton Mendes","6"
"89339","Adriano Teixeira","6"
"79343","Doriva","6"
"37770","Marcelo Grohe",
"36612","Zé Roberto",
"37306","Gilson Kleina",
"37604","Paulo André",
"36540","Juan",
"37718","Arouca",
"37281","Mano Menezes",
"37798","Rafael Sobis",
"37705","Juan",
"37792","Edinho",
"37701","Léo Moura",
"38196","Maicon",
"37623","Rafael Marques",
"37607","Michel Bastos",
"37608","Cristian",
"38545","Felipe Melo",
"37644","Rodrigo",
"37646","Betão",
"37645","Marcelo Mattos",
"37657","Edu Dracena",
"37653","Nilmar",
"37694","Henrique",
"37656","Fábio",
"37673","Alecsandro",
"37655","Rafael Moura",
"38225","Muriqui",
"37840","Gustavo",
"37674","Wagner",
"38246","Robinho",
"38311","Márcio Araújo",
"38229","Fábio Santos",
"37662","Jonathan",
"37688","Cícero",
"38277","Thiago Neves",
"38394","Thiago Heleno",
"38287","Roger",
"38279","Wellington Paulista",
"38315","Jadson",
"38440","Pierre",
"38425","Fábio Ferreira",
"38738","Douglas",
"38431","Diego Cavalieri",
"38530","Cleiton Xavier",
"38523","Edílson",
"38421","Rafinha",
"41327","Vanderlei Luxemburgo",
"38508","Eder Luis",
"38748","Maicon",
"38908","Renato",
"38928","Dudu Cearense",
"38910","Ricardo Oliveira",
"38852","Anderson",
"38913","Nenê",
"39572","Renato",
"38957","Rafael Marques",
"38909","Diego",
"40006","Abel Braga",
"40179","Kleber",
"40025","Levir Culpi",
"39152","Jonas",
"41218","Magrão",
"42116","Willian",
"41363","Alexandre Gallo",
"40990","Dorival Júnior",
"42222","Osvaldo",
"41929","Renato Gaúcho",
"42213","Fernando Bob",
"42140","Felipe Santana",
"42145","Egídio",
"42234","Cássio",
"42330","Felipe Garcia",
"42232","Amaral",
"49674","Fabrício",
"42411","Cuca",
"49673","Júlio César",
"50284","Wilson",
"42501","Rhodolfo",
"50301","Everton",
"42499","Bruno",
"42500","Fagner",
"50294","Guilherme",
"50324","Hudson",
"50328","Marcelo Oliveira",
"50398","Paulo Henrique",
"50369","Carlos Eduardo",
"50407","Marquinho",
"50362","Lucas",
"50307","Adilson",
"50317","David Braz",
"50402","Kayke",
"50348","Conca",
"50459","Léo",
"50421","Wesley",
"50439","Vilson",
"51042","Apodi",
"50427","Kadu",
"50408","Breno",
"50645","Eduardo",
"50856","Henrique",
"51175","Denis",
"51319","Renato Cajá",
"51299","Emerson Silva",
"51318","Leandro Donizete",
"51413","Walter",
"51415","Roger Carvalho",
"51705","Bruno Rodrigo",
"55594","Xuxa",
"51772","Éverton Ribeiro",
"53731","Ferdinando",
"51905","Leandro Salino",
"51700","Thiago Carleto",
"52253","Réver",
"54395","Elias",
"52950","Victor",
"54797","Túlio de Melo",
"53669","Lins",
"52674","Gilson",
"55348","Luis Ricardo",
"60784","Rafael Carioca",
"60787","Willians",
"60780","Vinícius Eutrópio",
"56102","João Paulo",
"51792","Kanu",
"60802","Bruno Gallo",
"60788","Marquinhos",
"60969","Patric",
"61211","Carlos Cesar",
"61149","Lucca",
"60859","Jael",
"60819","Dedé",
"61188","Gilberto",
"62024","Edimar",
"60853","Julio dos Santos",
"61033","Rodriguinho",
"61985","Airton",
"62009","Camilo",
"62069","Maikon Leite",
"62047","Jean",
"62086","Pará",
"68834","Rithely",
"62121","Vanderlei",
"62128","Walter",
"62997","João Paulo",
"62104","Robinho",
"63000","Victor Ramos",
"62974","Werley",
"62130","William Matheus",
"63058","Willian Farias",
"69165","Pablo",
"62129","Wellington",
"63128","Douglas",
"63110","Alan Ruschel",
"63158","Moisés",
"63013","Marcos Rocha",
"68887","Gum",
"63172","Paulão",
"68895","Wellington Silva",
"68893","André Lima",
"63177","Júnior Viçosa",
"63219","Luan",
"68884","Klever",
"68901","Rodrigo Pimpão",
"68896","Ramon",
"68911","Diego Souza",
"68690","André",
"68910","Anselmo",
"63422","Jucilei",
"73991","Walisson Maia",
"68693","Armero",
"68928","Rafael",
"68744","Emerson Sheik",
"68725","Diego Renan",
"68920","Dudu",
"68745","Vecchio",
"68925","Leonardo Silva",
"68929","Thiago Ribeiro",
"68930","Kieza",
"68932","Renan Ribeiro",
"68749","Everton Heleno",
"68758","Fernandinho",
"68784","Júnior Dutra",
"68938","Giovanni Augusto",
"68698","Bruno Silva",
"68808","Nino Paraíba",
"68986","Gustavo Santos",
"68954","Marquinhos Gabriel",
"68950","Ronaldo Alves",
"68987","João Vitor",
"68953","Leandro Damião",
"68770","Camacho",
"68822","Rafael Santos",
"68995","Régis Souza",
"68773","Henrique Almeida",
"68979","Giovanni",
"68827","Renato Chaves",
"69014","Manoel",
"69018","Deivid",
"69008","Neto",
"69010","João Carlos",
"69012","Santos",
"69036","Eduardo",
"70323","Jorginho",
"69016","Paulinho",
"70222","Sidão",
"70581","Fillipe Soutto",
"69040","Vladimir",
"69047","Paulo Roberto",
"70666","Marllon",
"69160","Gastón Fernández",
"68807","Neto Berola",
"69177","Léo",
"70742","Seijas",
"70916","Diogo Barbosa",
"69138","Pablo",
"70696","Fábio Carille",
"70929","Negueba",
"70934","Jackson",
"69249","Martín Silva",
"70986","Léo Cittadini",
"70944","Bruno Henrique",
"69705","Nikão",
"69282","Lucas Barrios",
"71162","Vinícius",
"70046","Victor Ferraz",
"70058","Tiago Real",
"71066","Mancuello",
"71227","Maicon",
"71719","Elton",
"70116","Fellipe Bastos",
"70009","Romulo",
"70132","Alan Santos",
"71920","Michel ",
"71892","Wellington Silva",
"71389","Baumjohann",
"71479","Lucho González",
"70173","Ederson",
"71549","Kelvin",
"71572","Gabriel",
"71927","Diego Rosa",
"71571","Fernando Miguel",
"72007","Uillian Correia",
"71937","Juninho",
"71704","Manga Escobar",
"72079","Bruno Cortez",
"71818","Bruno Grassi",
"71631","Weverton",
"72150","Fernandinho",
"71709","Cuéllar",
"71724","Agenor",
"72168","João Paulo",
"72490","Fred",
"72362","Rodrigo Lindoso",
"72290","Jailson",
"72565","Luan",
"72491","Bressan",
"72037","Renan Fonseca",
"72386","Hernane",
"72603","William Menezes",
"72297","Airton ",
"72745","Escudero",
"72595","Mauricio Kozlinski",
"72893","Eduardo da Silva",
"72376","Cléber",
"73336","Rafael Martins",
"72879","Vladimir Hernández",
"73340","Getterson",
"73281","Renê Júnior",
"72871","Cárdenas",
"79437","Roger Machado ",
"73978","René",
"73384","Samuel Xavier",
"84855","Raul Prata",
"73421","Rafael Vaz",
"73446","Éderson",
"73992","Rodinei",
"74140","Élber",
"74060","Luiz Antonio ",
"74081","Guilherme Costa",
"74213","Alejandro Guerra",
"77967","Mena",
"74061","Gatito Fernández",
"77529","Leandro Silva",
"74271","Edigar Junio",
"77544","Jorginho",
"75295","Paolo Guerrero",
"77500","Yago",
"78117","Everaldo",
"77959","Copete",
"77556","Bruno Brígido",
"78578","Paulinho",
"78086","César",
"77551","Thomás",
"78407","Douglas Grolli",
"78445","Renê",
"78371","Miller Bolaños",
"78077","Madson",
"78248","Gustavo Henrique",
"78548","Jean Mota",
"78495","Marcos",
"78464","Fábio Braga",
"78850","Reinaldo",
"78715","Ramiro",
"78478","Willian Arão",
"78497","Arnaldo",
"78632","Bryan",
"78840","Pedro Castro",
"78605","Gabriel",
"78584","Douglas Friedrich",
"78855","Thiago Santos",
"78968","Leandro Pereira",
"78839","Gabriel Gasparotto",
"78991","Moisés Ribeiro",
"79035","Luiz Felipe",
"79042","Tiago ",
"78897","Naldo",
"79041","Thomaz",
"78994","Eduardo Henrique",
"78856","Marcão Silva",
"79334","Ricardo Silva",
"79193","Abuda",
"78891","Petros",
"79066","Alex Muralha",
"79343","Doriva",
"79578","Sassá",
"79702","Antônio Carlos ",
"79892","Nenén",
"79887","Fabiano",
"80129","Jadson",
"80124","Matheus Mancini",
"79701","Lucas Silva",
"80140","Nadson",
"80281","Cleberson",
"80286","Matheus Vidotto",
"80189","Lucas Fonseca",
"80188","Marcos Junior",
"79973","Helton Leite",
"80196","Yago Pikachu",
"80583","Lucas Lima",
"80313","Gilberto ",
"80318","Ezequiel ",
"80337","Arthur ",
"81150","Mayke",
"80373","Wanderson",
"80537","Michael",
"80363","Ariel Cabral",
"80370","Edson",
"80692","Luan",
"80853","Pedro Geromel",
"80944","Marlone",
"81094","Vitor Prada",
"81770","Clayton",
"81684","Andrés Ríos",
"81682","Cazares",
"81219","Thallyson",
"81241","Oswaldo Henríquez",
"81845","Alisson",
"81798","Rossi",
"81903","Wellington Simião",
"81898","Osman",
"82411","Cueva",
"82613","Alan Costa",
"81223","Erazo",
"82455","Zé Rafael ",
"81905","Henrique Dourado",
"82469","Douglas Coutinho ",
"82463","Otávio ",
"82634","Matheus Galdezani",
"82647","Régis",
"82644","Léo Artur",
"82567","Moisés",
"82791","Toshi",
"84382","Danilo Barcelos",
"82817","Tomas Bastos",
"82754","André Castro",
"83004","Otero",
"82515","Reginaldo",
"83522","Fagner Alemão",
"82787","Joel",
"82773","Gilvan",
"82943","Matheus Ribeiro",
"83433","Patrick",
"83048","Rafael Thyere",
"83615","Thiago Martins",
"83772","Neilton",
"83683","Andrei Girotto",
"83786","Neris",
"86410","Victor Luis",
"83817","Clayson",
"84558","Lucas Romero",
"84554","Lucão",
"84585","Allione",
"84718","Denilson",
"84530","Maxi Rodríguez",
"84313","Feijão",
"84691","Judson",
"84703","Niltinho",
"84847","Luan Peres ",
"90366","Luiz Fernando ",
"84851","Lucas Cândido",
"84761","Claudinei Oliveira",
"84848","Erik",
"38001","Anderson",
"37919","Luis Fabiano",
"37934","Roger Bernardo",
"37984","Aranha",
"37851","Maicosuel",
"38067","Danilo",
"38062","Lugano",
"38021","Wendel",
"38100","Durval",
"83869","Diego Tavares",
"38140","Fernando Prass",
"83263","Yuri",
"38138","Jô",
"38150","Marquinhos",
"38109","Jefferson",
"38162","Fred",
"38156","Artur Moraes",
"85300","Berrío ",
"84861","Alex Silva",
"84896","Lucas Otávio ",
"84926","Yago",
"84925","Elder Santana",
"95332","Marcinho",
"84893","Henrique",
"84993","Fabrício Baiano",
"84917","Jeferson",
"73515","Gabriel",
"73513","Maranhão",
"84890","Euller ",
"73517","Douglas Pires",
"84927","Dodô",
"86143","Wanderson",
"73635","Rildo",
"73540","Rogério",
"73649","Lucas Pratto",
"73721","Marcos Vinícius",
"73800","Rodrigo Caio",
"86227","Morato",
"73876","Jomar",
"73869","Lennon",
"73974","Alison",
"95483","Luiz Felipe",
"95335","Matheus Jesus",
"86411","Breno Lopes",
"95539","Fabrício",
"95638","Marcelo",
"95542","Ourinho",
"95543","Renan Gorne",
"95651","Filipinho",
"86486","Milton Mendes",
"95770","Vitinho",
"95662","Lucas Kal",
"86508","Jandrei",
"86485","Keno",
"95780","Zé Ricardo",
"73619","Wellington Nem",
"95660","Araruna",
"95738","Trauco",
"86519","Everton Felipe",
"73896","Geuvânio",
"89694","James Dean",
"95831","Caíque",
"95843","Sander",
"95837","Fabián Noguera",
"95820","Léo Santos",
"95794","Nathan",
"95798","Gustavo Bochecha",
"96055","Yan",
"95849","Felipe",
"95876","Douglas",
"95978","Ty Sandows",
"89815","Gustavo Ferrareis",
"95936","Daniel Fuzato",
"96089","Machado",
"89696","Romulo",
"96340","Lima",
"89695","Iury",
"89885","Leandrinho",
"96328","Matheus Oliveira",
"96349","Geovane",
"89871","Pisculichi",
"89924","Bruno Ramires",
"96411","Cassiano",
"89930","Andrigo",
"89898","Róger Guedes",
"96464","Mauricio",
"96804","Vitor",
"96524","Victor Lindenberg",
"90061","Bruno Pacheco",
"89976","Geferson",
"96965","Léo Lopes",
"96433","Ralph",
"90031","Mendoza",
"96591","Renan Lodi",
"90285","Bruno Henrique",
"90302","Pedro Rocha",
"96832","Rodrigo Figueiredo",
"90290","Jailson",
"96831","Carlinhos",
"96870","Emerson",
"96966","Arthur Gomes",
"97228","Santarém",
"90309","David",
"97138","Dida",
"90303","Lincoln",
"97315","Mantuan",
"97322","Gabriel Furtado",
"95127","Nicolas",
"90335","Jeferson Negueba",
"97349","Daniel",
"97444","Julio Rusch",
"99257","João Erick",
"97445","Matheus Iacovelli",
"97352","Pachu",
"97452","Marcos Calazans",
"97502","Filigrana",
"97443","Romercio",
"97527","Matheus Alessandro",
"97528","Frazan",
"97536","Bryan",
"97520","Shaylon",
"97532","Jean Pineda",
"97537","Busanello",
"97535","Hiago",
"97540","Vinícius Guarapuava",
"97645","Thiago Couto",
"97538","Marcio",
"97653","Murilo",
"97546","Marco Túlio",
"97680","Yan",
"97856","Nonoca",
"97769","Yuri",
"97768","Reynaldo",
"97771","Thiaguinho",
"97878","Jacy",
"97879","Matheus Anjos",
"97863","Jhemerson",
"98034","Maílson",
"97877","Patrick Correia",
"97880","Murillo",
"97902","Rafael",
"90634","Lucas Mineiro",
"90587","Cascardo",
"98035","Caio",
"98184","Rodrigo Pelezinho",
"98315","Evanderson",
"98352","Bruno Guimarães",
"98056","Luiz Felipe",
"98333","Gabriel Batista",
"98402","Wendel",
"98221","Cedric",
"98401","Patrick Luan",
"98517","Jean Lucas",
"98515","Lucas Silva",
"98516","Loran ",
"98706","Pedrinho",
"98874","Marcelo",
"98766","Emanuel",
"98774","Flávio",
"98765","Marquinho",
"98952","Léo Natel",
"98888","Cláudio Vitor",
"98945","Derlan",
"98910","João Pedro",
"99033","João Victor",
"99254","Dayvid",
"90651","Rodrigão",
"99021","Riuler",
"99035","Pedro Vitor",
"99041","Pedro Bortoluzo",
"99283","Henrique",
"99258","Matheus Bezerra",
"99032","Lourenço",
"99256","Alesandro",
"99379","Borges",
"99255","Pedro Henryque",
"99034","Elias",
"99353","Lucas Índio",
"99388","Lucas Vinícius",
"99461","Daniel",
"99356","Vinícius",
"99411","Alexsander",
"99425","Felipe",
"99424","Éder Militão",
"90399","Fernandes",
"90444","Moisés",
"99430","Diego",
"90455","Jefferson Nem",
"99474","Wenderson",
"99460","Caio",
"90531","Raul",
"99535","Vinicius Junior",
"90532","Arthur",
"90535","Alex",
"90566","Rafael Longuine",
"99625","Conrado",
"99616","Felipe Saraiva",
"90715","Luiz Fernando ",
"90569","Yuri",
"99550","Fernando",
"99628","Esperon",
"99588","Paulo Vitor",
"90768","Fabrício Bruno",
"99615","Bruno Cosendey",
"99670","Arthur",
"99661","Igor Cássio",
"90899","Lucas Fernandes",
"93414","Joel Carli",
"90843","Elias",
"90933","Jean",
"90892","Wallace",
"99818","Paulinho",
"99817","Bremer",
"91001","Evandro",
"91003","Alison",
"99789","Brenner",
"91094","Ábila",
"99721","Mascarenhas",
"99832","Léo",
"99834","Dionathã",
"91101","Ronaldo",
"91102","Flávio",
"99824","Douglas",
"99878","Léo Passos",
"99880","Kelly",
"91156","Jesiel",
"91203","Éder ",
"91204","Warleson",
"91264","Matheus Savio",
"91260","Lucas Perri",
"91201","Pepê",
"91194","Thiago",
"93490","Guilherme",
"91191","Gustavo Blanco",
"93551","Igor",
"93739","Peu",
"91359","Bruno Bispo",
"91388","Rodrigo Ramos",
"89693","Leonan",
"92614","Rafaelson",
"94857","Jonatan Gomez",
"91573","Arboleda",
"99881","Ricardo",
"94854","César",
"93785","Alan Cardoso",
"91519","Kazim",
"94930","Lucas Paquetá",
"94894","Capixaba",
"94885","Léo",
"93746","Lenis",
"94931","Lucas Fernandes",
"91508","Leonardo Valencia",
"91664","Adryelson",
"93787","Andrey",
"94966","Deijair ",
"93788","Evander",
"93869","Lucas França",
"93789","Caio Monteiro",
"91706","Marlon",
"94962","Lucão",
"94971","Luís Fernando",
"94968","Juninho Capixaba",
"93790","Marlon Freitas",
"94985","Dodô",
"91714","Marciel",
"94975","Marco Antônio",
"95022","Thalis ",
"93797","Marcinho",
"91715","Matheus Cassini",
"91808","Caíque França",
"95023","Luis Guilherme",
"93846","Rafael Fachin",
"95058","Moraes",
"91842","Breno",
"91815","Nogueira",
"95054","Júnior Ramos",
"92630","Claudinho",
"91866","Zé Ivaldo",
"93882","Cleiton",
"91917","Silva",
"93986","Salazar",
"92981","Ronaldo",
"93108","Mateus Vital",
"92662","Denilson",
"99629","Jadson",
"94004","Andrei Alba",
"91929","Everson",
"94003","Scalon",
"95126","Yago",
"93146","Yan",
"94044","John Victor",
"94045","Diego Gomes",
"91972","João Paulo",
"93151","Thiago Santos",
"94978","Kaynan",
"92057","Gabriel Félix",
"94138","Felipe Vizeu",
"94105","Devid",
"94102","Matheus",
"94119","Lucas Rocha",
"91973","Lucas Marques",
"92081","Richarlison ",
"92078","Wallace",
"94144","Thallyson",
"94147","Lucas Ferreira",
"94067","Matheus Fernandes",
"94154","Maycon",
"93153","Pachequinho",
"92084","Mário",
"92180","Jair Ventura",
"94214","Léo Duarte",
"94207","Guilherme",
"92182","Juninho",
"94249","Lourency",
"94286","Perotti",
"93296","Aderllan Santos",
"92085","Giovanny ",
"93368","Lucas Veríssimo",
"93369","Rodrigo Becão",
"92193","Ravanelli",
"87833","Luis Caicedo",
"92191","Léo Jabá",
"94336","Mateus Norton",
"92207","Caíque",
"94445","Juninho",
"93378","Augusto",
"94288","Lima",
"92438","Matheus Phillipe",
"86724","Luizão",
"86760","Lucas Macanhan",
"86713","Jonathan",
"86759","Luan",
"86764","Sidcley",
"92501","Lucas Lovat",
"86766","Matheus Rossetto",
"86757","Everton",
"86740","João Lucas",
"94765","Léo Principe",
"86776","Jordi",
"94509","Raphael Veiga",
"86783","Henrique Gelain",
"92497","Douglas",
"86797","Raniel",
"94583","Pedro",
"92574","Kaio",
"86859","José Welison",
"86874","Capa",
"86935","Rodrigo",
"86970","Eduardo Bauermann",
"86972","Emerson Santos",
"86974","Caio César",
"86861","Vinicius",
"86863","Luiz Otávio ",
"87008","Léo",
"86973","Léo Gomes",
"87028","Beto da Silva",
"87192","Zeca",
"87098","Matheus Peixoto",
"87158","Cícero",
"87225","Pedro Henrique",
"87398","Rodrigão",
"87350","Buffarini",
"87267","Marcão",
"87342","Kannemann",
"87552","Vitor Bueno",
"87228","Guilherme Arana",
"87393","Gabriel",
"87437","Caíque Sá",
"86686","Tchê Tchê",
"87747","Yago",
"87486","Matheus Reis",
"87877","Sornoza",
"87863","Arrascaeta",
"87743","Léo Santos",
"87887","Balbuena",
"88030","Warian Santos ",
"87874","Orejuela",
"87946","Júnior",
"88002","Serginho",
"87859","Zeballos",
"87864","Felipe Gedoz ",
"88087","Ramon",
"88417","Iago",
"88136","Ivan",
"88225","Daniel Guedes ",
"87999","Gustavo Scarpa",
"88597","Lucas Crispim",
"88125","Yuri",
"88379","Jean Patrick",
"88323","Ángel Romero",
"88651","Vinícius Tanque",
"88539","João Vitor ",
"88667","Igor",
"89150","Jean",
"89273","João Pedro ",
"89156","Nathan",
"89227","Balbino",
"89341","Nicolas Careca",
"89190","Judivan ",
"88933","Bruno Paulista",
"89285","Matheus Sales",
"89253","Andreazzi",
"89342","Caju",
"89343","Júnior Tavares",
"89492","Saulo",
"89493","Igor Rabello",
"85004","Marcos Felipe ",
"85083","Vinicius Silvestre",
"85040","Gabriel Xavier",
"89676","Nickson",
"85418","Uilson",
"85149","Ronaldo",
"85425","João Paulo",
"85121","Robert ",
"85241","Yerry Mina",
"85211","Thalles",
"85423","Valdívia",
"85591","Artur",
"85931","Hyoran",
"89637","Thiago Maia",
"85586","Jonas",
"95180","Índio",
"95263","Luquinhas",
"86120","Borja",
"85629","Daniel",
"95315","Índio",
"85626","Léo",
"97449","Carvalho",
"99882","Fabiano Soares",
"50880","Keirrison",
"68873","Paulo Victor",
"68958","Wallace Reis ",
"71116","Roberto",
"92708","Deyverson",
"36943","Paulo Autuori",
"37245","Guto Ferreira",
"37246","Ney Franco",
"37333","Marcelo Cabo",
"37627","Diguinho",
"37652","Carlos Alberto",
"37663","Julio Cesar",
"38230","Grafite",
"38400","Vinícius Pacheco",
"38632","Matheus Ferraz",
"38768","Andrezinho",
"39850","Vagner Mancini",
"54424","Willians",
"68918","Bruno Paulo",
"69095","Montillo",
"70061","Marcus Winícius",
"71090","João Filipe",
"71123","Thiago Mendes",
"72605","Vitor Hugo",
"74075","Wallace Oliveira",
"74083","Adryan ",
"77777","João Schmidt ",
"79553","Mansur",
"80374","Norberto ",
"80441","Bonfim ",
"81923","Donatti",
"82627","Luiz Araújo",
"82876","Betinho",
"83791","Diego Jardel",
"85069","Renan Paulino",
"86323","Walterson",
"86765","Bruno Mota",
"86775","Petkovic",
"86932","Gustavo",
"87470","Thaciano",
"87742","Neto Moura",
"88070","Cafu",
"88309","Renato",
"88310","Lucas de Sá",
"89839","Andres Chavez",
"90406","Crysan",
"91100","Alípio",
"91264","Matheus Sávio",
"91654","Daniel dos Anjos",
"91687","João Pedro",
"92128","Luis Henrique",
"92225","Thiago Lopes",
"93108","Mateus Pet",
"93282","Fábio",
"93791","Danielzinho",
"94269","Luiz Otávio",
"95549","Marcelinho",
"95855","Kady",
"97341","Rogério Ceni",
"97877","Patrick",
"99535","Vinicius Júnior",
"86970","Eduardo Gabriel",
"87211","Eduardo Baptista",
"87946","Todinho",
"94857","Jonathan Gómez",
"37424","Pintado",
"91318","João Paulo Sanches",
"99669","Elano",
"99718","Busanello",
"97448","Thalisson Kelven",
"99892","Luis Ali",
"99894","Junior Brumado",
"73144","Jorge Mendoza",
"80076","Zé Roberto",
"38509","Diego Alves",
"38648","Hernanes",
"38617","Danilinho",
"52618","Anderson Martins",
"68886","Digão",
"71043","Leo",
"80080","Brenner",
"82625","Maurinho",
"83266","Marcos Guilherme ",
"87679","Tréllez",
"99897","Flávio Tanajura",
"97803","Ibanez",
"99832","Leonardo Simas",
"99894","Júnior Brumado",
"99896","Robson Gomes",
"94068","Ribamar",
"93317","Diogo Giacomini",
"62136","Marcelo Oliveira",
"70526","Rogério Micale",
"74134","Arroyo",
"79032","William Alves",
"95562","Messidoro",
"98484","Kanu",
"99900","Luan Pereira",
"99903","Lucas Campos",
"90959","Esteban Pavez",
"63119","Juninho",
"87872","Fernando Guerrero",
"70987","Pablo Diogo",
"97803","Ibañez",
"98412","Tiepo",
"97449","Vitor Carvalho",
"99630","Preto Casagrande",
"99883","Penilla",
"99918","Patrick",
"99915","Ezequiel",
"83813","Júlio César ",
"79019","Jayme de Almeida",
"99921","Khevin",
"98832","Jean Pyerre",